state,state_name,condition_category,condition_specific,responder_type,presumption_type,presumption_exists,rebuttable,years_service_required,pre_employment_exam_required,post_termination_months,post_termination_formula,discovery_during_employment_required,filing_deadline_notes,tobacco_exclusion,statute_citation,source_url,notes,needs_verification,iaff_url,data_retrieved
AK,Alaska,cancer,"Primary brain cancer, malignant melanoma, leukemia, non-Hodgkin's lymphoma, bladder cancer, ureter cancer, kidney cancer, prostate cancer, breast cancer",firefighter,statute,TRUE,TRUE,7,TRUE,60,"3 calendar months per year of requisite service, max 60 months",FALSE,NA,NA,Alaska Stat. § 23.30.121(b)(1)(B)(i)-(ix),https://codes.findlaw.com/ak/title-23-labor-and-workers-compensation/ak-st-sect-23-30-121.html,Firefighter must demonstrate exposure to a known IARC or NTP carcinogen associated with the disabling cancer. Annual medical exam required for each of first 7 years. Fire Fighter I certification required. Presumption covers paid and registered volunteer firefighters.,NA,https://www.iaff.org/presumptive-health/ak/,2026-05-23
AK,Alaska,cancer,"Primary brain cancer, malignant melanoma, leukemia, non-Hodgkin's lymphoma, bladder cancer, ureter cancer, kidney cancer, prostate cancer, breast cancer",firefighter_volunteer,statute,TRUE,TRUE,7,TRUE,60,"3 calendar months per year of requisite service, max 60 months",FALSE,NA,NA,Alaska Stat. § 23.30.121(b)(1)(B); § 23.30.121(f),https://codes.findlaw.com/ak/title-23-labor-and-workers-compensation/ak-st-sect-23-30-121.html,Volunteer firefighters registered with state fire marshal or for WC. Same terms as career firefighters. Carcinogen exposure demonstration required.,NA,https://www.iaff.org/presumptive-health/ak/,2026-05-23
AK,Alaska,cardiovascular,"Cardiovascular events experienced within 72 hours after exposure to smoke, fumes, or toxic substances",firefighter,statute,TRUE,TRUE,7,TRUE,60,"3 calendar months per year of requisite service, max 60 months",FALSE,NA,TRUE,Alaska Stat. § 23.30.121(b)(1)(A),https://codes.findlaw.com/ak/title-23-labor-and-workers-compensation/ak-st-sect-23-30-121.html,"Event must occur within 72 hours after exposure to smoke, fumes, or toxic substances. Tobacco exclusion applies. Annual medical exam required for each of first 7 years. Fire Fighter I certification required. Presumption rebutted by preponderance.",NA,https://www.iaff.org/presumptive-health/ak/,2026-05-23
AK,Alaska,cardiovascular,"Cardiovascular events experienced within 72 hours after exposure to smoke, fumes, or toxic substances",firefighter_volunteer,statute,TRUE,TRUE,7,TRUE,60,"3 calendar months per year of requisite service, max 60 months",FALSE,NA,TRUE,Alaska Stat. § 23.30.121(b)(1)(A); § 23.30.121(f),https://codes.findlaw.com/ak/title-23-labor-and-workers-compensation/ak-st-sect-23-30-121.html,Volunteer firefighters registered with state fire marshal or for WC. Same terms as career firefighters.,NA,https://www.iaff.org/presumptive-health/ak/,2026-05-23
AK,Alaska,respiratory,Respiratory disease,firefighter,statute,TRUE,TRUE,7,TRUE,60,"3 calendar months per year of requisite service, max 60 months",FALSE,NA,TRUE,Alaska Stat. § 23.30.121(b)(1)(A),https://codes.findlaw.com/ak/title-23-labor-and-workers-compensation/ak-st-sect-23-30-121.html,"Tobacco exclusion: does not apply to firefighters with history of tobacco use for cardiovascular or lung conditions. Annual medical exam required for each of first 7 years. Firefighter must hold at minimum Fire Fighter I certification. Presumption may be rebutted by preponderance including tobacco use, fitness, lifestyle, hereditary factors, and other exposures. Covers firefighters under AS 23.30.243 (WC-covered fire fighters).",NA,https://www.iaff.org/presumptive-health/ak/,2026-05-23
AK,Alaska,respiratory,Respiratory disease,firefighter_volunteer,statute,TRUE,TRUE,7,TRUE,60,"3 calendar months per year of requisite service, max 60 months",FALSE,NA,TRUE,Alaska Stat. § 23.30.121(b)(1)(A); § 23.30.121(f),https://codes.findlaw.com/ak/title-23-labor-and-workers-compensation/ak-st-sect-23-30-121.html,'Fire fighter' defined to include members of volunteer fire departments registered with state fire marshal or registered for WC purposes. Same terms and conditions as career firefighters.,NA,https://www.iaff.org/presumptive-health/ak/,2026-05-23
AK,Alaska,mental,Post-traumatic stress disorder (PTSD),firefighter,statute,TRUE,TRUE,NA,FALSE,36,NA,FALSE,NA,NA,Alaska Stat. § 23.30.118,https://codes.findlaw.com/ak/title-23-labor-and-workers-compensation/ak-st-sect-23-30-118.html,"AS 23.30.118 (SB 147 / Ch. 12 SLA 2024, effective January 1, 2025). PTSD must be diagnosed by a licensed psychologist or psychiatrist during employment or within 3 years after the last date of employment. The presumption is rebuttable by a preponderance of evidence that the PTSD resulted from non-work factors. No minimum service requirement applies.",NA,https://www.iaff.org/presumptive-health/ak/,2026-06-04
AK,Alaska,mental,Post-traumatic stress disorder (PTSD),emt_paramedic,statute,TRUE,TRUE,NA,FALSE,36,NA,FALSE,NA,NA,Alaska Stat. § 23.30.118,https://codes.findlaw.com/ak/title-23-labor-and-workers-compensation/ak-st-sect-23-30-118.html,"AS 23.30.118 (SB 147 / Ch. 12 SLA 2024, effective January 1, 2025). PTSD must be diagnosed by a licensed psychologist or psychiatrist during employment or within 3 years after the last date of employment. The presumption is rebuttable by a preponderance of evidence that the PTSD resulted from non-work factors. No minimum service requirement applies.",NA,https://www.iaff.org/presumptive-health/ak/,2026-06-04
AK,Alaska,mental,Post-traumatic stress disorder (PTSD),law_enforcement,statute,TRUE,TRUE,NA,FALSE,36,NA,FALSE,NA,NA,Alaska Stat. § 23.30.118,https://codes.findlaw.com/ak/title-23-labor-and-workers-compensation/ak-st-sect-23-30-118.html,"AS 23.30.118 (SB 147 / Ch. 12 SLA 2024, effective January 1, 2025). PTSD must be diagnosed by a licensed psychologist or psychiatrist during employment or within 3 years after the last date of employment. The presumption is rebuttable by a preponderance of evidence that the PTSD resulted from non-work factors. No minimum service requirement applies.",NA,https://www.iaff.org/presumptive-health/ak/,2026-06-04
AK,Alaska,mental,Post-traumatic stress disorder (PTSD),corrections,statute,TRUE,TRUE,NA,FALSE,36,NA,FALSE,NA,NA,Alaska Stat. § 23.30.118,https://codes.findlaw.com/ak/title-23-labor-and-workers-compensation/ak-st-sect-23-30-118.html,"AS 23.30.118 (SB 147 / Ch. 12 SLA 2024, effective January 1, 2025). PTSD must be diagnosed by a licensed psychologist or psychiatrist during employment or within 3 years after the last date of employment. The presumption is rebuttable by a preponderance of evidence that the PTSD resulted from non-work factors. No minimum service requirement applies.",NA,https://www.iaff.org/presumptive-health/ak/,2026-06-04
AL,Alabama,cancer,Cancer caused by exposure to a known carcinogen reasonably linked to the disabling cancer,firefighter,employer_benefit,TRUE,TRUE,3,TRUE,120,NA,TRUE,NA,NA,Ala. Code § 11-43-144(a)(5)(d) (municipal); § 36-30-40(4)(d) (state),https://law.justia.com/codes/alabama/title-11/title-2/chapter-43/article-7/section-11-43-144/,"Alabama's benefit for this condition operates outside workers' compensation. Sections 11-43-144 (municipal firefighters) and 36-30-40 (state firefighters) create an employer-paid disability and death benefit, not a workers' compensation presumption -- firefighters must pursue this benefit track rather than filing a standard workers' comp claim. The cancer must develop during service, and the firefighter must show exposure to a carcinogen recognized by the International Agency for Research on Cancer (IARC); the presumption is rebuttable by a preponderance of the evidence. A firefighter who dies of cancer within 10 years of leaving employment is treated as having died in the line of duty (§ 11-43-144(c)(2)); that 10-year window applies only to the death benefit, not to disability claims. This core cancer coverage traces back to the original 1967 municipal law (§ 11-43-144) -- not the October 1, 2026 date, which applies only to the newly added Parkinson's disease coverage. The parallel state-employee provision (§ 36-30-40/41) likely dates to around 2010-2013, based on a grandfather-clause deadline requiring a physical exam by January 1, 2013 for those without one, though its exact original enactment year has not been independently confirmed.",NA,https://www.iaff.org/presumptive-health/al/,2026-05-23
AL,Alabama,cardiovascular,"Hypertension, heart disease",firefighter,employer_benefit,TRUE,TRUE,3,TRUE,NA,NA,NA,NA,NA,Ala. Code § 11-43-144 (municipal firefighters); § 36-30-40 / § 36-30-41 (state firefighters),https://law.justia.com/codes/alabama/title-11/title-2/chapter-43/article-7/section-11-43-144/,"Alabama's benefit for this condition operates outside workers' compensation. Sections 11-43-144 (municipal firefighters) and 36-30-40/36-30-41 (state firefighters) create an employer-paid disability and death benefit, not a workers' compensation presumption -- firefighters must pursue this benefit track rather than filing a standard workers' comp claim. The presumption is rebuttable by a preponderance of the evidence. Both the municipal and state sections cover the same list of occupational diseases (hypertension, cardiovascular and respiratory disease, cancer, HIV, and hepatitis). A pre-employment physical exam is required unless the firefighter was hired before September 8, 1967 (municipal track) or before January 1, 2013 (state track). This coverage traces back to the original 1967 municipal law -- not the October 1, 2026 date, which applies only to the newly added Parkinson's disease coverage. The state-track provision's exact original enactment year has not been independently confirmed, but the 2013 exam deadline suggests it originated around 2010-2013.",NA,https://www.iaff.org/presumptive-health/al/,2026-05-23
AL,Alabama,respiratory,Respiratory disease,firefighter,employer_benefit,TRUE,TRUE,3,TRUE,NA,NA,NA,NA,NA,Ala. Code § 11-43-144 (municipal); § 36-30-40 / § 36-30-41 (state),https://law.justia.com/codes/alabama/title-11/title-2/chapter-43/article-7/section-11-43-144/,"Alabama's benefit for this condition operates outside workers' compensation. Sections 11-43-144 (municipal firefighters) and 36-30-40/36-30-41 (state firefighters) create an employer-paid disability and death benefit, not a workers' compensation presumption -- firefighters must pursue this benefit track rather than filing a standard workers' comp claim. The presumption is rebuttable by a preponderance of the evidence. This coverage traces back to the original 1967 municipal law -- not the October 1, 2026 date, which applies only to the newly added Parkinson's disease coverage. The state-track provision's exact original enactment year has not been independently confirmed, but a January 1, 2013 exam-deadline clause suggests it originated around 2010-2013.",NA,https://www.iaff.org/presumptive-health/al/,2026-05-23
AL,Alabama,infectious,HIV,firefighter,employer_benefit,TRUE,TRUE,3,TRUE,NA,NA,TRUE,NA,NA,Ala. Code § 11-43-144(a)(5)(e) (municipal); § 36-30-40(4)(e) (state),https://law.justia.com/codes/alabama/title-11/title-2/chapter-43/article-7/section-11-43-144/,"Alabama's benefit for this condition operates outside workers' compensation. Sections 11-43-144 (municipal firefighters) and 36-30-40 (state firefighters) create an employer-paid disability and death benefit, not a workers' compensation presumption -- firefighters must pursue this benefit track rather than filing a standard workers' comp claim. The condition must develop during employment, and the firefighter must show exposure connected to the job; the presumption is rebuttable by a preponderance of the evidence. This condition (like hypertension, cardiovascular and respiratory disease, and hepatitis) is covered under the original 1967 municipal law (§ 11-43-144), which by its own terms applies to firefighters with at least three years of continuous service before September 8, 1967 -- not the October 1, 2026 date, which applies only to the newly added Parkinson's disease coverage. The parallel state-employee provision (§ 36-30-40/41) likely dates to around 2010-2013, based on a grandfather-clause deadline requiring a physical exam by January 1, 2013 for those without one, though its exact original enactment year has not been independently confirmed.",NA,https://www.iaff.org/presumptive-health/al/,2026-05-23
AL,Alabama,infectious,Hepatitis,firefighter,employer_benefit,TRUE,TRUE,3,TRUE,NA,NA,TRUE,NA,NA,Ala. Code § 11-43-144(a)(5)(f) (municipal); § 36-30-40(4)(f) (state),https://law.justia.com/codes/alabama/title-11/title-2/chapter-43/article-7/section-11-43-144/,"Alabama's benefit for this condition operates outside workers' compensation. Sections 11-43-144 (municipal firefighters) and 36-30-40 (state firefighters) create an employer-paid disability and death benefit, not a workers' compensation presumption -- firefighters must pursue this benefit track rather than filing a standard workers' comp claim. The condition must develop during service, and the firefighter must show exposure connected to the job; the presumption is rebuttable by a preponderance of the evidence. This condition (like hypertension, cardiovascular and respiratory disease, and HIV) is covered under the original 1967 municipal law (§ 11-43-144), which by its own terms applies to firefighters with at least three years of continuous service before September 8, 1967 -- not the October 1, 2026 date, which applies only to the newly added Parkinson's disease coverage. The parallel state-employee provision (§ 36-30-40/41) likely dates to around 2010-2013, based on a grandfather-clause deadline requiring a physical exam by January 1, 2013 for those without one, though its exact original enactment year has not been independently confirmed.",NA,https://www.iaff.org/presumptive-health/al/,2026-05-23
AL,Alabama,other,Parkinson's disease caused by exposure to a known toxin associated with increased risk,firefighter,employer_benefit,TRUE,TRUE,3,TRUE,NA,NA,TRUE,NA,NA,Ala. Code § 11-43-144(a)(5)(g) (municipal); § 36-30-40(4)(g) (state),https://law.justia.com/codes/alabama/title-11/title-2/chapter-43/article-7/section-11-43-144/,"NOTE: Alabama's system operates separately from workers' compensation. §§ 11-43-144 and 36-30-40 create employer disability and death benefits, not a WC presumption. First responders with occupational disease must pursue these employer-benefit tracks, not a standard WC claim. Must manifest during service AND firefighter must demonstrate exposure to known toxin associated with Parkinson's risk. Rebuttable by preponderance. Effective October 1, 2026.",NA,https://www.iaff.org/presumptive-health/al/,2026-05-23
AR,Arkansas,cancer,"Leukemia, lymphoma, mesothelioma, multiple myeloma; cancer of brain, digestive tract, urinary tract, liver, skin, breast, cervix, thyroid, prostate, testicle; cancer with higher firefighter incidence linked to known carcinogen",firefighter,employer_benefit,TRUE,TRUE,NA,FALSE,NA,NA,TRUE,NA,NA,Ark. Code Ann. § 21-5-705(a)(3); § 24-4-511(a)(1)(A)(ii)-(iii); § 24-10-607(a)(1)(A)(iii)-(iv),https://codes.findlaw.com/ar/title-21-public-officers-and-employees/ar-code-sect-21-5-705.html,"NOTE: Arkansas has no workers' compensation presumption for first responder occupational disease. § 21-5-705 is a State Claims Commission death benefit; §§ 24-4-511 and 24-10-607 are pension disability retirement benefits through APERS and LOPFI respectively. None shifts the burden of proof in WC proceedings. Three statutory mechanisms: (1) § 21-5-705 provides death benefit up to $150,000 for firefighters killed in line of duty from covered cancers after Jan 1, 2012 — firefighter must be under 68; Firefighter Benefit Review Panel makes recommendations to Arkansas State Claims Commission. (2) § 24-4-511 (APERS) and § 24-10-607 (LOPFI) provide disability retirement presumption for cancer diagnosed 'while in the line of duty.' Both rebuttable by preponderance. § 24-4-511 requires 5 years actual service including 18 of last 24 months; members hired after July 1, 2013 under § 24-10-607 require 10 years. Firefighter must not have been diagnosed with cancer prior to service start. LOPFI section also covers volunteer members.",NA,https://www.iaff.org/presumptive-health/ar/,2026-05-23
AR,Arkansas,cancer,"Leukemia, lymphoma, mesothelioma, multiple myeloma; cancer of brain, urinary tract, liver, skin, breast, cervix, thyroid, prostate, testicle, colon, digestive tract; cancer with higher firefighter incidence linked to known carcinogen",firefighter_volunteer,employer_benefit,TRUE,TRUE,NA,FALSE,NA,NA,TRUE,NA,NA,Ark. Code Ann. § 24-4-511(a)(1)(A)(ii) ('volunteer firefighter'); § 24-10-607(a)(1)(A)(iii) ('volunteer member'),https://codes.findlaw.com/ar/title-24-retirement-and-pensions/ar-code-sect-24-4-511.html,NOTE: Arkansas has no workers' compensation presumption for first responder occupational disease. § 21-5-705 is a State Claims Commission death benefit; §§ 24-4-511 and 24-10-607 are pension disability retirement benefits through APERS and LOPFI respectively. None shifts the burden of proof in WC proceedings. Both APERS (§ 24-4-511) and LOPFI (§ 24-10-607) explicitly extend cancer presumption to 'volunteer firefighter' / 'volunteer member.' Rebuttable by preponderance. Cancer must be diagnosed 'while in the line of duty.',NA,https://www.iaff.org/presumptive-health/ar/,2026-05-23
AR,Arkansas,other,"Firefighter Cancer Relief Network Trust Fund -- charitable relief payments for cancer diagnosis (any type, network-determined)",firefighter,employer_benefit,TRUE,NA,NA,NA,NA,NA,NA,NA,NA,Ark. Code Ann. § 21-5-110 / § 19-5-1153,https://codes.findlaw.com/ar/title-21-public-officers-and-employees/ar-code-sect-21-5-110.html,"This is not a burden-shifting legal presumption -- it's a state-administered charitable relief-fund trust (through the State Insurance Department), with eligibility and award decisions delegated to the Arkansas Association of Fire Chiefs, Arkansas Professional Fire Fighters Association, and Arkansas State Firefighters Association, Inc. It's open to both career and volunteer firefighters enrolled in the network. The implementing rule is at 23 CAR 40 (Arkansas Insurance Department rules). The enactment year and Act number have not been confirmed.",Enactment year and Act number for § 21-5-110/§ 19-5-1153 not confirmed,https://www.iaff.org/presumptive-health/ar/,2026-08-07
AR,Arkansas,other,Paid leave for occupationally-caused cancer treatment (cross-references the same cancer list as § 21-5-705),firefighter,employer_benefit,TRUE,TRUE,5,NA,NA,NA,NA,NA,NA,Ark. Code Ann. § 21-4-107,https://codes.findlaw.com/ar/title-21-public-officers-and-employees/ar-code-sect-21-4-107.html,"This is not a workers' compensation presumption -- it's a paid-leave mandate. It entitles paid, full-time firefighters with 5+ years of service to a minimum of 1,456 hours of paid leave when they begin treatment for occupationally-caused cancer (drawing on the same cancer list used in § 21-5-705(a)(3)(A)(i)). Firefighters must show a carcinogen-exposure determination consistent with Department of Health/IARC standards; the presumption of occupational causation can be rebutted with medical evidence of a non-occupational cause. A pre-employment physical showing no pre-existing cancer strengthens the claim. The paid-leave benefit yields if the same cancer is already covered by workers' compensation. This provision was likely enacted in 2019, though the exact bill/Act number has not been confirmed -- it is sometimes attributed to HB1299, but that bill appears in legislative records as a general sick-leave-accrual bill unrelated to this specific cancer-leave provision.","Exact enacting bill/Act number for § 21-4-107 (believed 2019) is unconfirmed -- the commonly-cited HB1299 attribution appears to be a different, unrelated bill",https://www.iaff.org/presumptive-health/ar/,2026-08-07
AR,Arkansas,other,"Firefighter Cancer Relief Network Trust Fund -- charitable relief payments for cancer diagnosis (any type, network-determined)",firefighter_volunteer,employer_benefit,TRUE,NA,NA,NA,NA,NA,NA,NA,NA,Ark. Code Ann. § 21-5-110 / § 19-5-1153,https://codes.findlaw.com/ar/title-21-public-officers-and-employees/ar-code-sect-21-5-110.html,"This is not a burden-shifting legal presumption -- it's a state-administered charitable relief-fund trust (through the State Insurance Department), with eligibility and award decisions delegated to the Arkansas Association of Fire Chiefs, Arkansas Professional Fire Fighters Association, and Arkansas State Firefighters Association, Inc. It's open to both career and volunteer firefighters enrolled in the network. The implementing rule is at 23 CAR 40 (Arkansas Insurance Department rules). The enactment year and Act number have not been confirmed.",Enactment year and Act number for § 21-5-110/§ 19-5-1153 not confirmed,https://www.iaff.org/presumptive-health/ar/,2026-08-07
AZ,Arizona,cancer,"Brain cancer, bladder cancer, rectal cancer, colon cancer, lymphoma, leukemia, adenocarcinoma, mesothelioma of the respiratory tract",firefighter,statute,TRUE,TRUE,5,TRUE,180,NA,FALSE,NA,TRUE,Ariz. Rev. Stat. § 23-901.01(B)(1),https://www.azleg.gov/ars/23/00901-01.htm,Applies to firefighters and peace officers with identical terms for this cancer list. Must be assigned to hazardous duty for at least 5 years. Must have been exposed to known IARC carcinogen and informed department of exposure. Post-termination: applies to former firefighters/peace officers age 65 or younger diagnosed within 15 years of last employment. Tobacco exclusion applies to respiratory tract cancers only if tobacco is a substantial contributing cause. Rebuttable by preponderance of evidence showing specific non-occupational cause.,NA,https://www.iaff.org/presumptive-health/az/,2026-05-23
AZ,Arizona,cancer,"Buccal cavity and pharynx cancer, esophageal cancer, large intestine cancer, lung cancer, kidney cancer, prostate cancer, skin cancer, stomach cancer, testicular cancer, non-Hodgkin's lymphoma, multiple myeloma, malignant melanoma",firefighter,statute,TRUE,TRUE,5,TRUE,180,NA,FALSE,NA,TRUE,Ariz. Rev. Stat. § 23-901.01(B)(2),https://www.azleg.gov/ars/23/00901-01.htm,Firefighter-only expanded cancer list (not available to peace officers). Additional requirement: NFPA 1582-aligned physical exam. Must have been exposed to known IARC carcinogen. Former firefighters age 65 or younger diagnosed within 15 years of last employment. Tobacco exclusion for respiratory tract cancers where tobacco is substantial contributing cause.,NA,https://www.iaff.org/presumptive-health/az/,2026-05-23
AZ,Arizona,cancer,"Brain cancer, bladder cancer, rectal cancer, colon cancer, lymphoma, leukemia, adenocarcinoma, mesothelioma of the respiratory tract",law_enforcement,statute,TRUE,TRUE,5,TRUE,180,NA,FALSE,NA,TRUE,Ariz. Rev. Stat. § 23-901.01(B)(1),https://www.azleg.gov/ars/23/00901-01.htm,"'Peace officer' means full-time peace officer regularly assigned to hazardous duty as part of special operations, SWAT, EOD, or hazmat response unit. Must be 65 or younger and diagnosed within 15 years of last employment. Tobacco exclusion for respiratory tract cancers. Rebuttable by preponderance.",NA,https://www.iaff.org/presumptive-health/az/,2026-05-23
AZ,Arizona,cardiovascular,"Heart-related, perivascular, or pulmonary injury, illness, or death",firefighter,statute,TRUE,TRUE,NA,TRUE,NA,NA,FALSE,NA,TRUE,A.R.S. § 23-1105,https://www.azleg.gov/ars/23/01105.htm,Event must occur within 24 hours after a known exposure. NFPA 1582-aligned physical exam required. Covers firefighters and volunteer firefighters under § 23-901(6)(d). Tobacco exclusion applies where tobacco is a substantial contributing cause. Rebuttable by preponderance showing specific non-occupational cause.,NA,https://www.iaff.org/presumptive-health/az/,2026-05-23
AZ,Arizona,cardiovascular,"Heart-related, perivascular, or pulmonary injury, illness, or death",firefighter_volunteer,statute,TRUE,TRUE,NA,TRUE,NA,NA,FALSE,NA,TRUE,A.R.S. § 23-1105,https://www.azleg.gov/ars/23/01105.htm,Volunteer firefighters explicitly covered under § 23-901(6)(d) definition. Event must occur within 24 hours after known exposure. NFPA 1582-aligned physical exam required.,NA,https://www.iaff.org/presumptive-health/az/,2026-05-23
AZ,Arizona,mental,Post-traumatic stress disorder (PTSD); workers' compensation coverage for PTSD with accepted WC claim,firefighter,none,FALSE,FALSE,NA,FALSE,NA,NA,NA,NA,NA,Ariz. Rev. Stat. § 23-972 (conditional on FDA approval of midomafetamine),NA,"NOTE: § 23-972 was enacted conditional on FDA approval of midomafetamine (MDMA-AT) by December 31, 2025. The FDA rejected MDMA-AT on August 9, 2024. The statute therefore never took legal effect and provides no coverage. As of June 2026, Arizona has no PTSD workers' compensation presumption for first responders. Employers shall provide WC coverage for firefighters diagnosed with PTSD by a licensed mental health professional with an accepted WC claim. This is a coverage mandate, not a traditional rebuttable presumption. Section 23-972 conditionally enacted only if FDA approves midomafetamine (MDMA) by December 31, 2025 — FDA did not approve as of the 2026 data date; status uncertain. Separate from the counseling program under § 38-673 (which expressly does not create a WC presumption).",NA,https://www.iaff.org/presumptive-health/az/,2026-05-23
AZ,Arizona,mental,Post-traumatic stress disorder (PTSD); workers' compensation coverage for PTSD with accepted WC claim,law_enforcement,none,FALSE,FALSE,NA,FALSE,NA,NA,NA,NA,NA,Ariz. Rev. Stat. § 23-972 (conditional on FDA approval of midomafetamine),NA,"NOTE: § 23-972 was enacted conditional on FDA approval of midomafetamine (MDMA-AT) by December 31, 2025. The FDA rejected MDMA-AT on August 9, 2024. The statute therefore never took legal effect and provides no coverage. As of June 2026, Arizona has no PTSD workers' compensation presumption for first responders. Covers 'certified peace officers' (§ 38-842). Same conditional enactment tied to FDA approval of midomafetamine by December 31, 2025. Coverage mandate with accepted WC claim, not a traditional shifting presumption.",NA,https://www.iaff.org/presumptive-health/az/,2026-05-23
CA,California,cancer,Cancer including leukemia caused by exposure to known IARC carcinogen,firefighter,statute,TRUE,TRUE,NA,FALSE,120,"3 calendar months per full year of requisite service, max 120 months",FALSE,NA,NA,Cal. Lab. Code § 3212.1 (William Dallas Jones Cancer Presumption Act of 2010),https://codes.findlaw.com/ca/labor-code/lab-sect-3212-1/,"Covers active firefighting members (volunteer, partly paid, fully paid) of city/county/district/state fire departments, UC/CSU, Cal Fire, county forestry; also peace officers (§830.1, §830.2(a), §830.37(a)(b)) primarily in active law enforcement; fire and rescue services coordinators at Cal OES. Member must demonstrate exposure to known IARC carcinogen. Rebuttable if carcinogen not reasonably linked to disabling cancer and primary site established. Extended to DoD/NASA/FAA airport fire departments for injuries on or after January 1, 2026. Post-termination max is 120 months (10 years) — longer than most other CA presumptions.",NA,https://www.iaff.org/presumptive-health/ca/,2026-05-23
CA,California,cancer,Cancer including leukemia caused by exposure to known IARC carcinogen,firefighter_volunteer,statute,TRUE,TRUE,NA,FALSE,120,"3 calendar months per full year of requisite service, max 120 months",FALSE,NA,NA,Cal. Lab. Code § 3212.1,https://codes.findlaw.com/ca/labor-code/lab-sect-3212-1/,Volunteer firefighters explicitly included in § 3212.1(a)(1) definition of covered active firefighting members.,NA,https://www.iaff.org/presumptive-health/ca/,2026-05-23
CA,California,cancer,Cancer including leukemia caused by exposure to known IARC carcinogen,law_enforcement,statute,TRUE,TRUE,NA,FALSE,120,"3 calendar months per full year of requisite service, max 120 months",FALSE,NA,NA,Cal. Lab. Code § 3212.1,https://codes.findlaw.com/ca/labor-code/lab-sect-3212-1/,"Peace officers defined in § 830.1, § 830.2(a), § 830.37(a)(b) primarily engaged in active law enforcement. Also covered under Government Code § 31720.6 (safety members with 5+ years service, county pension systems).",NA,https://www.iaff.org/presumptive-health/ca/,2026-05-23
CA,California,cardiovascular,Heart trouble (disability retirement basis),firefighter,statute,TRUE,TRUE,5,FALSE,60,"3 calendar months per full year of requisite service, max 60 months",FALSE,NA,NA,Cal. Gov. Code § 31720.5,https://california.public.law/codes/government_code_section_31720.5,"County pension system (Chapter 4 / Chapter 5 systems). Requires 5 years service. Covers safety members, firefighter members (including active fire suppression members not classified as safety members), and members in active law enforcement. Disease not attributed to pre-existing condition. Rebuttable.",NA,https://www.iaff.org/presumptive-health/ca/,2026-05-23
CA,California,cardiovascular,"Heart trouble, pneumonia",firefighter,statute,TRUE,TRUE,NA,FALSE,60,"3 calendar months per full year of requisite service, max 60 months",FALSE,NA,NA,Cal. Lab. Code § 3212,https://leginfo.legislature.ca.gov/faces/codes_displaySection.xhtml?sectionNum=3212.&lawCode=LAB,"Covers members of city/county/district fire departments (volunteer, partly paid, fully paid), Department of Forestry and Fire Protection active firefighting members, county forestry/firefighting departments, and warden service of Wildlife Protection Branch. Also covers sheriff's offices, California Highway Patrol, DA investigator staff, and police departments for hernia (not mapped here). Extended to DoD/NASA/FAA airport fire departments for injuries on or after January 1, 2026. Disease must develop or manifest during service.",NA,https://www.iaff.org/presumptive-health/ca/,2026-05-23
CA,California,cardiovascular,Heart trouble (disability retirement basis),law_enforcement,statute,TRUE,TRUE,5,FALSE,60,"3 calendar months per full year of requisite service, max 60 months",FALSE,NA,NA,Cal. Gov. Code § 31720.5,https://california.public.law/codes/government_code_section_31720.5,County pension system. 5 years service required. Covers members in active law enforcement.,NA,https://www.iaff.org/presumptive-health/ca/,2026-05-23
CA,California,cardiovascular,"Heart trouble, pneumonia",law_enforcement,statute,TRUE,TRUE,NA,FALSE,60,"3 calendar months per full year of requisite service, max 60 months",FALSE,NA,NA,Cal. Lab. Code § 3212,https://leginfo.legislature.ca.gov/faces/codes_displaySection.xhtml?sectionNum=3212.&lawCode=LAB,"Covers members of sheriff's offices, police departments, California Highway Patrol, DA investigator staff, and warden service of Wildlife Protection Branch. Heart trouble and pneumonia only (hernia also included for these groups but is 'other' category). Must develop or manifest during service.",NA,https://www.iaff.org/presumptive-health/ca/,2026-05-23
CA,California,infectious,Blood-borne infectious disease; MRSA skin infection,firefighter,statute,TRUE,TRUE,NA,FALSE,60,"Blood-borne: 3 months per year, max 60 months; MRSA: flat 90 days",FALSE,NA,NA,Cal. Lab. Code § 3212.8,https://california.public.law/codes/labor_code_section_3212.8,"Covers sheriff's offices, police/fire departments, Cal Fire active firefighting members, county forestry, Penal Code Chapter 4.5 individuals. Blood-borne infectious disease: post-termination window is 3 months/year, max 60 months. MRSA skin infection: separate flat 90-day post-termination window. Extended to DoD/NASA/FAA airport fire departments for injuries on or after January 1, 2026 (§ SEC. 5 / § 3212.8(e)).",NA,https://www.iaff.org/presumptive-health/ca/,2026-05-23
CA,California,infectious,COVID-19,firefighter,expired,FALSE,TRUE,NA,FALSE,NA,NA,NA,NA,NA,Cal. Gov. Code § 7523 (COVID-19 Disability Retirement Presumption),NA,"Expired: § 7523.2 repealed this article effective January 1, 2024. Covered public retirement system members in firefighter and peace officer job classifications under § 3212.87. Rebuttable presumption of service-related disability for COVID-19-related disability retirement.",NA,https://www.iaff.org/presumptive-health/ca/,2026-05-23
CA,California,infectious,Meningitis,firefighter,statute,TRUE,TRUE,NA,FALSE,60,"3 calendar months per full year of requisite service, max 60 months",FALSE,NA,NA,Cal. Lab. Code § 3212.9,https://california.public.law/codes/labor_code_section_3212.9,"Covers regular full-time salaried fire department members and county forestry/firefighting. Extended to DoD/NASA/FAA airport fire departments for injuries on or after January 1, 2026. Government Code § 31720.93 provides parallel disability retirement presumption.",NA,https://www.iaff.org/presumptive-health/ca/,2026-05-23
CA,California,infectious,Tuberculosis,firefighter,statute,TRUE,TRUE,NA,FALSE,60,"3 calendar months per full year of requisite service, max 60 months",FALSE,NA,NA,Cal. Lab. Code § 3212.6,https://california.public.law/codes/labor_code_section_3212.6,"Covers regular fully-paid fire department members plus active Cal Fire firefighting members. Employer may require pre-employment TB test. Extended to DoD/NASA/FAA airport fire departments for injuries on or after January 1, 2026. Government Code § 31720.92 provides parallel disability retirement presumption (county pension systems).",NA,https://www.iaff.org/presumptive-health/ca/,2026-05-23
CA,California,infectious,Blood-borne infectious disease; MRSA skin infection,firefighter_volunteer,statute,TRUE,TRUE,NA,FALSE,60,"Blood-borne: 3 months per year, max 60 months; MRSA: flat 90 days",FALSE,NA,NA,Cal. Lab. Code § 3212.8,https://california.public.law/codes/labor_code_section_3212.8,"Volunteer fire department members covered ('whether those persons are volunteer, partly paid, or fully paid').",NA,https://www.iaff.org/presumptive-health/ca/,2026-05-23
CA,California,infectious,Blood-borne infectious disease; MRSA skin infection,law_enforcement,statute,TRUE,TRUE,NA,FALSE,60,"Blood-borne: 3 months per year, max 60 months; MRSA: flat 90 days",FALSE,NA,NA,Cal. Lab. Code § 3212.8,https://california.public.law/codes/labor_code_section_3212.8,"Covers sheriff's offices, police departments, Penal Code Chapter 4.5 individuals. Also covered under Government Code § 31720.7 (county pension system members including probation officers).",NA,https://www.iaff.org/presumptive-health/ca/,2026-05-23
CA,California,infectious,COVID-19,law_enforcement,expired,FALSE,TRUE,NA,FALSE,NA,NA,NA,NA,NA,Cal. Gov. Code § 7523 (COVID-19 Disability Retirement Presumption),NA,"Expired: § 7523.2 repealed this article effective January 1, 2024. Covered public retirement system members in peace officer job classifications under § 3212.87.",NA,https://www.iaff.org/presumptive-health/ca/,2026-05-23
CA,California,infectious,Meningitis,law_enforcement,statute,TRUE,TRUE,NA,FALSE,60,"3 calendar months per full year of requisite service, max 60 months",FALSE,NA,NA,Cal. Lab. Code § 3212.9,https://california.public.law/codes/labor_code_section_3212.9,"Covers regular full-time salaried police, sheriff, CHP, county probation officers, DA investigators. Government Code § 31720.93 provides parallel disability retirement presumption.",NA,https://www.iaff.org/presumptive-health/ca/,2026-05-23
CA,California,infectious,Tuberculosis,law_enforcement,statute,TRUE,TRUE,NA,FALSE,60,"3 calendar months per full year of requisite service, max 60 months",FALSE,NA,NA,Cal. Lab. Code § 3212.6,https://california.public.law/codes/labor_code_section_3212.6,"Covers full-time salaried police, sheriff, CHP, DA investigators, and prison/jail guards and correctional officers employed by a public agency. Government Code § 31720.92 provides parallel disability retirement presumption (county pension systems).",NA,https://www.iaff.org/presumptive-health/ca/,2026-05-23
CA,California,infectious,Tuberculosis,corrections,statute,TRUE,TRUE,NA,FALSE,60,"3 calendar months per full year of requisite service, max 60 months",FALSE,NA,NA,Cal. Lab. Code § 3212.6,https://california.public.law/codes/labor_code_section_3212.6,Prison or jail guards and correctional officers employed by a public agency are explicitly covered under § 3212.6.,NA,https://www.iaff.org/presumptive-health/ca/,2026-05-23
CA,California,mental,Post-traumatic stress or mental health disorder (PTSD or mental health condition diagnosed under this division),firefighter,statute,TRUE,TRUE,NA,FALSE,60,"3 calendar months per full year of requisite service, max 60 months",FALSE,NA,NA,Cal. Lab. Code § 3212.15,https://california.public.law/codes/labor_code_section_3212.15,"Sunset provision: this section is repealed January 1, 2029 (per § 3212.15(g)). It applies to injuries occurring on or after January 1, 2020, and covers the same firefighter population as § 3212.1, plus peace officers (§ 830.1, § 830.2(a)-(c), § 830.32, § 830.37(a)-(b), § 830.5, § 830.55) and Cal OES fire/rescue coordinators. Government Code § 31720.91 provides a parallel disability retirement presumption for county pension systems. Both the workers' compensation track (§ 3212.15) and the pension track (§ 31720.91) sunset on the same date, January 1, 2029, confirmed directly from current statutory text (as amended by SB 623 in 2023 and AB 2770 in 2024).",NA,https://www.iaff.org/presumptive-health/ca/,2026-05-23
CA,California,mental,Post-traumatic stress or mental health disorder (PTSD or mental health condition diagnosed under this division),firefighter_volunteer,statute,TRUE,TRUE,NA,FALSE,60,"3 calendar months per full year of requisite service, max 60 months",FALSE,NA,NA,Cal. Lab. Code § 3212.15(a)(1),https://california.public.law/codes/labor_code_section_3212.15,"Volunteer firefighters explicitly included (active firefighting members, 'whether volunteers, partly paid, or fully paid'). Sunset: repealed January 1, 2029.",NA,https://www.iaff.org/presumptive-health/ca/,2026-05-23
CA,California,mental,Post-traumatic stress or mental health disorder (PTSD or mental health condition diagnosed under this division),law_enforcement,statute,TRUE,TRUE,NA,FALSE,60,"3 calendar months per full year of requisite service, max 60 months",FALSE,NA,NA,Cal. Lab. Code § 3212.15(a)(5),https://california.public.law/codes/labor_code_section_3212.15,"Peace officers defined in Penal Code §§ 830.1, 830.2(a)(b)(c), 830.32, 830.37(a)(b), 830.5, 830.55 primarily in active law enforcement. Sunset: repealed January 1, 2029.",NA,https://www.iaff.org/presumptive-health/ca/,2026-05-23
CA,California,other,Hernia,firefighter,statute,TRUE,TRUE,NA,FALSE,60,"3 calendar months per full year of requisite service, max 60 months",FALSE,NA,NA,Cal. Lab. Code § 3212,https://leginfo.legislature.ca.gov/faces/codes_displaySection.xhtml?sectionNum=3212.&lawCode=LAB,"Hernia must develop or manifest during service. Extended to DoD/NASA/FAA airport fire departments for injuries on or after January 1, 2026.",NA,https://www.iaff.org/presumptive-health/ca/,2026-05-23
CA,California,other,"Illness or death due to exposure to biochemical substance (chemical warfare agent, weaponized biological agent, nuclear or radiological agent)",firefighter,statute,TRUE,TRUE,NA,FALSE,60,"3 calendar months per full year of requisite service, max 60 months",FALSE,NA,NA,Cal. Lab. Code § 3212.85,https://california.public.law/codes/labor_code_section_3212.85,"Covers peace officers (§§ 830.1-830.5) and members of fire departments including volunteers, partly paid, fully paid, Cal Fire, county forestry. Extended to DoD/NASA/FAA airport fire departments for injuries on or after January 1, 2026. Government Code § 31720.9 provides parallel disability retirement presumption.",NA,https://www.iaff.org/presumptive-health/ca/,2026-05-23
CA,California,other,"Illness or death due to exposure to biochemical substance (chemical warfare agent, weaponized biological agent, nuclear or radiological agent)",firefighter_volunteer,statute,TRUE,TRUE,NA,FALSE,60,"3 calendar months per full year of requisite service, max 60 months",FALSE,NA,NA,Cal. Lab. Code § 3212.85,https://california.public.law/codes/labor_code_section_3212.85,Volunteers explicitly included in 'members of a fire department' definition under § 3212.85(e)(2).,NA,https://www.iaff.org/presumptive-health/ca/,2026-05-23
CA,California,other,Hernia,law_enforcement,statute,TRUE,TRUE,NA,FALSE,60,"3 calendar months per full year of requisite service, max 60 months",FALSE,NA,NA,Cal. Lab. Code § 3212,https://leginfo.legislature.ca.gov/faces/codes_displaySection.xhtml?sectionNum=3212.&lawCode=LAB,"Covers sheriff's offices, police, CHP, DA investigators. Regular salaried county/city-county peace officers also covered for hernia manifesting during service.",NA,https://www.iaff.org/presumptive-health/ca/,2026-05-23
CA,California,other,"Illness or death due to exposure to biochemical substance (chemical warfare agent, weaponized biological agent, nuclear or radiological agent)",law_enforcement,statute,TRUE,TRUE,NA,FALSE,60,"3 calendar months per full year of requisite service, max 60 months",FALSE,NA,NA,Cal. Lab. Code § 3212.85; Gov. Code § 31720.9,https://california.public.law/codes/labor_code_section_3212.85,Peace officers under Penal Code §§ 830.1-830.5. Government Code § 31720.9 provides parallel disability retirement presumption for county pension system peace officer and firefighter members.,NA,https://www.iaff.org/presumptive-health/ca/,2026-05-23
CA,California,other,Lower back impairment,law_enforcement,statute,TRUE,TRUE,5,FALSE,60,"3 calendar months per full year of requisite service, max 60 months",FALSE,NA,NA,Cal. Gov. Code § 31720.96 (references Lab. Code § 3213.2),https://california.public.law/codes/labor_code_section_3213.2,County pension system disability retirement presumption. Member must have been employed full-time for at least 5 consecutive months in a calendar year in the listed classification AND required to wear a duty belt as a condition of employment.,NA,https://www.iaff.org/presumptive-health/ca/,2026-05-23
CO,Colorado,cancer,"Brain, skin, digestive system, hematological system, genitourinary system cancers",firefighter,statute,TRUE,TRUE,5,TRUE,NA,NA,NA,NA,NA,C.R.S. § 8-41-209,https://colorado.public.law/statutes/crs_8-41-209,"Applies to full-time firefighters employed minimum 1,600 hours annually. Pre-employment exam must have failed to reveal substantial evidence of the condition. Employer may rebut by preponderance of medical evidence.",NA,https://www.iaff.org/presumptive-health/co/,2026-05-23
CO,Colorado,cardiovascular,"Coronary thrombosis, cerebral vascular accident, myocardial infarction, cardiac arrest (excludes hypertension and angina)",firefighter,statute,TRUE,NA,5,TRUE,NA,NA,NA,NA,TRUE,"C.R.S. §§ 29-5-301, 29-5-302",https://legiscan.com/CO/text/SB172/id/1022063/Colorado-2014-SB172-Enrolled.pdf,"Requires 5 years continuous full-time employment. Malfunction must occur during or within 48 hours after a qualifying work event (fire suppression, rescue, hazmat, EMS, disaster relief, or other emergency response). Benefits reduced 25% if firefighter smoked tobacco within 5 years preceding event. Benefits offset by WC, pension, Social Security, retirement, and other employer-paid income. Maximum $250,000 per event. This is a benefit statute under Title 29, not a WC presumption under Title 8. C.R.S. §§ 29-5-301 and 29-5-302 are an employer benefit program under Title 29 (Local Government), NOT a workers' compensation presumption under Title 8. Benefits are paid directly by the employer, not through the WC system.",NA,https://www.iaff.org/presumptive-health/co/,2026-05-23
CO,Colorado,cardiovascular,"Coronary thrombosis, cerebral vascular accident, myocardial infarction, cardiac arrest (excludes hypertension and angina)",firefighter_volunteer,statute,TRUE,NA,5,TRUE,NA,NA,NA,NA,TRUE,"C.R.S. §§ 29-5-301, 29-5-302",https://legiscan.com/CO/text/SB172/id/1022063/Colorado-2014-SB172-Enrolled.pdf,"Employer may (not shall) provide equivalent benefits for volunteer firefighters. Requires 5 years continuous service with the same employer. Malfunction must occur during or within 48 hours after a qualifying work event. Benefits reduced 25% if firefighter smoked tobacco within 5 years preceding event. C.R.S. §§ 29-5-301 and 29-5-302 are an employer benefit program under Title 29 (Local Government), NOT a workers' compensation presumption under Title 8. Benefits are paid directly by the employer, not through the WC system.",NA,https://www.iaff.org/presumptive-health/co/,2026-05-23
CO,Colorado,infectious,Hepatitis C,firefighter,statute,TRUE,TRUE,NA,TRUE,NA,NA,NA,Employee must report exposure within 2 days of discovery; employer must provide baseline test within 5 days of reported exposure; diagnosis must occur within 24 months of exposure,NA,C.R.S. § 8-41-208,https://colorado.public.law/statutes/crs_8-41-208,Baseline test must show employee was uninfected at time of exposure. Employer may rebut by preponderance of evidence that exposure did not occur on the job.,NA,https://www.iaff.org/presumptive-health/co/,2026-05-23
CO,Colorado,infectious,Hepatitis C,emt_paramedic,statute,TRUE,TRUE,NA,TRUE,NA,NA,NA,Employee must report exposure within 2 days of discovery; employer must provide baseline test within 5 days of reported exposure; diagnosis must occur within 24 months of exposure,NA,C.R.S. § 8-41-208,https://colorado.public.law/statutes/crs_8-41-208,Statute covers 'emergency services providers.' Baseline test must show employee was uninfected at time of exposure. Employer may rebut by preponderance of evidence.,NA,https://www.iaff.org/presumptive-health/co/,2026-05-23
CO,Colorado,infectious,Hepatitis C,law_enforcement,statute,TRUE,TRUE,NA,TRUE,NA,NA,NA,Employee must report exposure within 2 days of discovery; employer must provide baseline test within 5 days of reported exposure; diagnosis must occur within 24 months of exposure,NA,C.R.S. § 8-41-208,https://colorado.public.law/statutes/crs_8-41-208,Statute covers 'peace officers.' Baseline test must show employee was uninfected at time of exposure. Employer may rebut by preponderance of evidence.,NA,https://www.iaff.org/presumptive-health/co/,2026-05-23
CT,Connecticut,cancer,"Conditions affecting skin, brain, skeletal, digestive, endocrine, respiratory, lymphatic, reproductive, urinary, or hematological systems",firefighter,statute,TRUE,NA,5,TRUE,60,NA,FALSE,Surviving dependents may file within 1 year of firefighter's death,TRUE,"Conn. Gen. Stat. § 159 (eff. October 1, 2023)",https://law.justia.com/codes/connecticut/title-7/chapter-104/section-7-313p/,"Requires 5 years as interior structural firefighter or equivalent fire marshal/investigator. Tobacco exclusion: no cigarette use during 15-year period prior to diagnosis. Benefits offset by other benefits received. If firefighters cancer relief account becomes insolvent, municipal/state employers no longer obligated to provide compensation. Effective October 1, 2023.",NA,https://www.iaff.org/presumptive-health/ct/,2026-05-23
CT,Connecticut,cardiovascular,Cardiac arrest or myocardial infarction occurring within 24 hours after duty completion,firefighter,statute,TRUE,TRUE,NA,TRUE,NA,NA,NA,Employer must contest liability on or before the 28th day after receiving written notice of claim or presumption of compensability is conclusive,NA,Conn. Gen. Stat. § 31-294i,NA,"Applies to uniformed paid municipal firefighters hired after July 1, 1996. Pre-employment exam by licensed physician must have failed to reveal evidence of condition. Rebuttable by preponderance of evidence.",NA,https://www.iaff.org/presumptive-health/ct/,2026-05-23
CT,Connecticut,cardiovascular,"Hypertension, heart disease",firefighter,statute,TRUE,NA,NA,TRUE,NA,NA,NA,NA,NA,Conn. Gen. Stat. § 7-433c,https://law.justia.com/codes/connecticut/title-7/chapter-113/section-7-433c/,"Applies ONLY to uniformed paid municipal firefighters who began employment BEFORE July 1, 1996. Pre-employment exam must have failed to reveal any evidence of hypertension or heart disease. Benefits provided in lieu of chapter 568 WC benefits for hypertension/heart disease. Includes retirement/survivor benefits. 'Municipal employer' as defined in § 7-467.",NA,https://www.iaff.org/presumptive-health/ct/,2026-05-23
CT,Connecticut,cardiovascular,Cardiac arrest or myocardial infarction occurring within 24 hours after duty completion,law_enforcement,statute,TRUE,TRUE,NA,TRUE,NA,NA,NA,Employer must contest liability on or before the 28th day after receiving written notice of claim or presumption of compensability is conclusive,NA,Conn. Gen. Stat. § 31-294i,NA,"Applies to regular members of paid municipal police departments hired after July 1, 1996. Pre-employment exam by licensed physician must have failed to reveal evidence of condition. Rebuttable by preponderance of evidence.",NA,https://www.iaff.org/presumptive-health/ct/,2026-05-23
CT,Connecticut,cardiovascular,"Hypertension, heart disease",law_enforcement,statute,TRUE,NA,NA,TRUE,NA,NA,NA,NA,NA,Conn. Gen. Stat. § 7-433c,https://law.justia.com/codes/connecticut/title-7/chapter-113/section-7-433c/,"Applies ONLY to regular paid municipal police officers who began employment BEFORE July 1, 1996. Pre-employment exam must have failed to reveal any evidence of hypertension or heart disease. Benefits provided in lieu of chapter 568 WC benefits. Includes retirement/survivor benefits.",NA,https://www.iaff.org/presumptive-health/ct/,2026-05-23
CT,Connecticut,infectious,"Hepatitis, meningococcal meningitis, tuberculosis, Kahler's Disease (multiple myeloma), non-Hodgkin's lymphoma",firefighter,statute,TRUE,NA,NA,TRUE,NA,NA,NA,NA,NA,Conn. Gen. Stat. § 31-294j,https://law.justia.com/codes/connecticut/title-31/chapter-568/section-31-294j/,Covers uniformed paid and volunteer firefighters. Also includes prostate cancer and testicular cancer under this occupational disease section.,NA,https://www.iaff.org/presumptive-health/ct/,2026-05-23
CT,Connecticut,infectious,"Hepatitis, meningococcal meningitis, tuberculosis, Kahler's Disease (multiple myeloma), non-Hodgkin's lymphoma",firefighter_volunteer,statute,TRUE,NA,NA,TRUE,NA,NA,NA,NA,NA,Conn. Gen. Stat. § 31-294j,https://law.justia.com/codes/connecticut/title-31/chapter-568/section-31-294j/,Covers uniformed members of paid and volunteer fire departments. Also includes prostate cancer and testicular cancer under this occupational disease section.,NA,https://www.iaff.org/presumptive-health/ct/,2026-05-23
CT,Connecticut,infectious,"Hepatitis, meningococcal meningitis, tuberculosis, Kahler's Disease (multiple myeloma), non-Hodgkin's lymphoma",emt_paramedic,statute,TRUE,NA,NA,TRUE,NA,NA,NA,NA,NA,Conn. Gen. Stat. § 31-294j,https://law.justia.com/codes/connecticut/title-31/chapter-568/section-31-294j/,Covers members of volunteer ambulance services. Also includes prostate cancer and testicular cancer under this occupational disease section.,NA,https://www.iaff.org/presumptive-health/ct/,2026-05-23
CT,Connecticut,infectious,"Hepatitis, meningococcal meningitis, tuberculosis, Kahler's Disease (multiple myeloma), non-Hodgkin's lymphoma",law_enforcement,statute,TRUE,NA,NA,TRUE,NA,NA,NA,NA,NA,Conn. Gen. Stat. § 31-294j,https://law.justia.com/codes/connecticut/title-31/chapter-568/section-31-294j/,Covers regular paid municipal police officers and constables. Also includes prostate cancer and testicular cancer under this occupational disease section.,NA,https://www.iaff.org/presumptive-health/ct/,2026-05-23
CT,Connecticut,mental,Post-traumatic stress injury meeting American Psychiatric Association diagnostic criteria,firefighter,statute,TRUE,NA,NA,NA,NA,NA,NA,NA,NA,Conn. Gen. Stat. § 31-294k,https://law.justia.com/codes/connecticut/2020/title-31/chapter-568/section-31-294k/,"Qualifying events include witnessing death, traumatic injury, or COVID-19 exposure. Medical records subject to workers' compensation guidelines.",NA,https://www.iaff.org/presumptive-health/ct/,2026-05-23
CT,Connecticut,mental,Post-traumatic stress injury meeting American Psychiatric Association diagnostic criteria,emt_paramedic,statute,TRUE,NA,NA,NA,NA,NA,NA,NA,NA,Conn. Gen. Stat. § 31-294k,https://law.justia.com/codes/connecticut/2020/title-31/chapter-568/section-31-294k/,"Covers emergency medical services personnel. Qualifying events include witnessing death, traumatic injury, or COVID-19 exposure.",NA,https://www.iaff.org/presumptive-health/ct/,2026-05-23
CT,Connecticut,mental,Post-traumatic stress injury meeting American Psychiatric Association diagnostic criteria,law_enforcement,statute,TRUE,NA,NA,NA,NA,NA,NA,NA,NA,Conn. Gen. Stat. § 31-294k,https://law.justia.com/codes/connecticut/2020/title-31/chapter-568/section-31-294k/,"Qualifying events include witnessing death, traumatic injury, or COVID-19 exposure.",NA,https://www.iaff.org/presumptive-health/ct/,2026-05-23
CT,Connecticut,mental,Post-traumatic stress injury meeting American Psychiatric Association diagnostic criteria,corrections,statute,TRUE,NA,NA,NA,NA,NA,NA,NA,NA,Conn. Gen. Stat. § 31-294k,https://law.justia.com/codes/connecticut/2020/title-31/chapter-568/section-31-294k/,"Covers Department of Correction employees and telecommunicators. Qualifying events include witnessing death, traumatic injury, or COVID-19 exposure.",NA,https://www.iaff.org/presumptive-health/ct/,2026-05-23
DC,District of Columbia,cancer,"Leukemia; breast, ovarian, pancreatic, prostate, rectal, colon, colorectal, liver, testicular, or respiratory cancer; multiple myeloma; brain, non-Hodgkin's lymphoma, throat, kidney, thyroid, or bladder cancer following toxic substance exposure",firefighter,statute,TRUE,TRUE,10,TRUE,NA,NA,NA,NA,NA,D.C. Code § 5-653,NA,"Covers sworn firefighters. Requires 10 years of service. Second cancer category (brain, non-Hodgkin's, throat, kidney, thyroid, bladder) requires documented toxic substance exposure. Rebuttable by preponderance of evidence.",NA,https://www.iaff.org/presumptive-health/dc/,2026-05-23
DC,District of Columbia,cancer,"Leukemia; breast, ovarian, pancreatic, prostate, rectal, colon, colorectal, liver, testicular, or respiratory cancer; multiple myeloma; brain, non-Hodgkin's lymphoma, throat, kidney, thyroid, or bladder cancer following toxic substance exposure",emt_paramedic,statute,TRUE,TRUE,10,TRUE,NA,NA,NA,NA,NA,D.C. Code § 5-653,NA,Covers non-sworn EMS employees. Requires 10 years of service. Second cancer category requires documented toxic substance exposure. Rebuttable by preponderance of evidence.,NA,https://www.iaff.org/presumptive-health/dc/,2026-05-23
DC,District of Columbia,cardiovascular,"Heart disease, hypertension",firefighter,statute,TRUE,TRUE,NA,TRUE,NA,NA,NA,NA,NA,D.C. Code § 5-652,NA,Covers sworn firefighters with DC Fire and EMS Department. Presumption applies when diagnosis results in inability to perform full duties or death. Pre-employment exam must have shown freedom from condition. Rebuttable by preponderance of evidence to the contrary. Coverage denied if eligible vaccine refused without physician-documented health risk (§ 5-655). Eligibility requires compliance with annual physical examinations (§ 5-655.01).,NA,https://www.iaff.org/presumptive-health/dc/,2026-05-23
DC,District of Columbia,cardiovascular,"Heart disease, hypertension",emt_paramedic,statute,TRUE,TRUE,NA,TRUE,NA,NA,NA,NA,NA,D.C. Code § 5-652,NA,Covers non-sworn EMS employees of DC Fire and EMS Department. Presumption applies when diagnosis results in inability to perform full duties or death. Rebuttable by preponderance of evidence.,NA,https://www.iaff.org/presumptive-health/dc/,2026-05-23
DC,District of Columbia,respiratory,Respiratory disease,firefighter,statute,TRUE,TRUE,NA,TRUE,NA,NA,NA,NA,NA,D.C. Code § 5-652,NA,Covers sworn firefighters with DC Fire and EMS Department. Presumption applies when diagnosis results in inability to perform full duties or death. Rebuttable by preponderance of evidence.,NA,https://www.iaff.org/presumptive-health/dc/,2026-05-23
DC,District of Columbia,respiratory,Respiratory disease,emt_paramedic,statute,TRUE,TRUE,NA,TRUE,NA,NA,NA,NA,NA,D.C. Code § 5-652,NA,Covers non-sworn EMS employees of DC Fire and EMS Department. Presumption applies when diagnosis results in inability to perform full duties or death. Rebuttable by preponderance of evidence.,NA,https://www.iaff.org/presumptive-health/dc/,2026-05-23
DC,District of Columbia,infectious,"Hepatitis, meningococcal meningitis, tuberculosis, HIV",firefighter,statute,TRUE,TRUE,NA,TRUE,NA,NA,NA,NA,NA,D.C. Code § 5-654,NA,Requires documented exposure to blood or bodily fluids. Covers sworn firefighters. Rebuttable by preponderance of evidence. Coverage denied if eligible vaccine refused without physician-documented health risk (§ 5-655).,NA,https://www.iaff.org/presumptive-health/dc/,2026-05-23
DC,District of Columbia,infectious,"Hepatitis, meningococcal meningitis, tuberculosis, HIV",emt_paramedic,statute,TRUE,TRUE,NA,TRUE,NA,NA,NA,NA,NA,D.C. Code § 5-654,NA,Requires documented exposure to blood or bodily fluids. Covers non-sworn EMS employees. Rebuttable by preponderance of evidence.,NA,https://www.iaff.org/presumptive-health/dc/,2026-05-23
DE,Delaware,cancer,"Bladder, blood, brain, breast, cervical, esophageal, intestinal, kidney, lymphatic, lung, prostate, rectal, respiratory tract, skin, testicular, thyroid cancer; leukemia, multiple myeloma, non-Hodgkin's lymphoma",firefighter,statute,TRUE,NA,3,NA,60,NA,NA,Claimant must bring claim within 2 years following diagnosis date,NA,"Del. Code tit. 18, §§ 6701B-6703B, 6709B",https://delcode.delaware.gov/title18/c067b/index.html,"Requires 3 years of active service (1,250 hours/year for paid members; active status per department for volunteers). Statute is a benefit fund, not a WC presumption — no rebuttability language. Benefits: early-stage $5,000 lump sum; advanced-stage $20,000 lump sum; combined lifetime max $40,000. Monthly disability: Class 1 (paid active) = lesser of 60% salary or $4,000/month; Class 2 (other eligible) = $1,500/month; up to 36 months duration. Paid and volunteer firefighters both covered; also covers EMTs, paramedics, fire instructors, fire marshals, fire police.",NA,https://www.iaff.org/presumptive-health/de/,2026-05-23
DE,Delaware,cancer,"Bladder, blood, brain, breast, cervical, esophageal, intestinal, kidney, lymphatic, lung, prostate, rectal, respiratory tract, skin, testicular, thyroid cancer; leukemia, multiple myeloma, non-Hodgkin's lymphoma",firefighter_volunteer,statute,TRUE,NA,3,NA,60,NA,NA,Claimant must bring claim within 2 years following diagnosis date,NA,"Del. Code tit. 18, §§ 6701B-6703B, 6709B",https://delcode.delaware.gov/title18/c067b/index.html,"Volunteer active status defined per individual department. Requires 3 years active service. Monthly disability benefit for Class 2: $1,500/month up to 36 months. Statute explicitly covers volunteer firefighters.",NA,https://www.iaff.org/presumptive-health/de/,2026-05-23
DE,Delaware,cancer,"Bladder, blood, brain, breast, cervical, esophageal, intestinal, kidney, lymphatic, lung, prostate, rectal, respiratory tract, skin, testicular, thyroid cancer; leukemia, multiple myeloma, non-Hodgkin's lymphoma",emt_paramedic,statute,TRUE,NA,3,NA,60,NA,NA,Claimant must bring claim within 2 years following diagnosis date,NA,"Del. Code tit. 18, §§ 6701B-6703B, 6709B",https://delcode.delaware.gov/title18/c067b/index.html,"Statute explicitly covers EMTs and paramedics. Requires 3 years active service (1,250 hours/year for paid members). Monthly disability benefit for Class 1 (paid active) = lesser of 60% salary or $4,000/month; Class 2 (other eligible) = $1,500/month.",NA,https://www.iaff.org/presumptive-health/de/,2026-05-23
FL,Florida,cancer,"bladder, brain, breast, cervical, colon, esophageal, invasive skin, kidney, large intestinal, lung, malignant melanoma, mesothelioma, multiple myeloma, non-Hodgkin's lymphoma, oral cavity/pharynx, ovarian, prostate, rectal, stomach, testicular, thyroid cancer",firefighter,statute,TRUE,NA,5,NA,120,NA,NA,NA,TRUE,Fla. Stat. § 112.1816,https://www.flsenate.gov/Laws/Statutes/2025/112.1816,"Covers full-time firefighters only (not volunteer). Must not have used tobacco products for at least 5 preceding years. Must not have been employed in a higher-risk position in the preceding 5 years. Benefits include employer-sponsored health plan coverage (with out-of-pocket reimbursement) and $25,000 one-time cash payout on initial diagnosis. Post-termination coverage available for 10 years if eligibility criteria met at termination and not subsequently employed as firefighter. This is an alternative to WC under chapter 440. Effective July 1, 2019. CONFIRMED (2026-08-07 research): Ch. 2026-99 (SB 984, signed by the Governor May 22, 2026, Ch. assigned May 26, 2026) amends § 112.1816(4)(c) to extend the cancer death-benefit obligation to a firefighter's former employer for 1 year after the firefighter's termination date, provided the firefighter otherwise met all program eligibility criteria at termination and was not subsequently re-employed as a firefighter. This closes a gap in which a firefighter who developed covered cancer, left employment, and died within a year of leaving service could previously fall outside any employer's death-benefit obligation. Confirmed via the bill's official Senate history page and enrolled-bill text analysis. Effective July 1, 2026.",NA,https://www.iaff.org/presumptive-health/fl/,2026-05-23
FL,Florida,cardiovascular,"heart disease, hypertension",firefighter,statute,TRUE,TRUE,NA,TRUE,NA,NA,NA,NA,NA,Fla. Stat. § 112.18,https://www.flsenate.gov/laws/statutes/2024/112.18,Pre-employment exam must have failed to reveal any evidence of the condition. Presumption that condition was accidental and suffered in the line of duty. Does not apply to life/disability insurance unless negotiated.,NA,https://www.iaff.org/presumptive-health/fl/,2026-05-23
FL,Florida,cardiovascular,"heart disease, hypertension",law_enforcement,statute,TRUE,TRUE,NA,TRUE,NA,NA,NA,NA,NA,Fla. Stat. § 112.18,https://www.flsenate.gov/laws/statutes/2024/112.18,"Covers law enforcement officers and correctional officers as defined in s. 943.10(1), (2), or (3). Pre-employment exam must have failed to reveal the condition.",NA,https://www.iaff.org/presumptive-health/fl/,2026-05-23
FL,Florida,infectious,"hepatitis (A, B, non-A, non-B, C, other strains), meningococcal meningitis, tuberculosis",firefighter,statute,TRUE,TRUE,NA,TRUE,NA,NA,NA,NA,NA,Fla. Stat. § 112.181,https://www.flsenate.gov/laws/statutes/2024/112.181,Employee must file written affidavit declaring no outside exposure. Pre-employment exam required (testing for hepatitis/TB; meningitis exempt from exam requirement). Employer must maintain exposure records. Immunization refusal disqualifies from presumption. Covers full-time employees only; excludes public hospital employees.,NA,https://www.iaff.org/presumptive-health/fl/,2026-05-23
FL,Florida,infectious,tuberculosis,firefighter,statute,TRUE,TRUE,NA,TRUE,NA,NA,NA,NA,NA,Fla. Stat. § 112.18,https://www.flsenate.gov/laws/statutes/2024/112.18,Pre-employment exam must have failed to reveal any evidence of the condition. Presumption that condition was accidental and suffered in the line of duty.,NA,https://www.iaff.org/presumptive-health/fl/,2026-05-23
FL,Florida,infectious,"hepatitis (A, B, non-A, non-B, C, other strains), meningococcal meningitis, tuberculosis",emt_paramedic,statute,TRUE,TRUE,NA,TRUE,NA,NA,NA,NA,NA,Fla. Stat. § 112.181,https://www.flsenate.gov/laws/statutes/2024/112.181,Covers paramedics and EMTs employed full-time by the state or political subdivision. Written affidavit of no outside exposure required. Immunization refusal disqualifies. Excludes public hospital employees.,NA,https://www.iaff.org/presumptive-health/fl/,2026-05-23
FL,Florida,infectious,"hepatitis (A, B, non-A, non-B, C, other strains), meningococcal meningitis, tuberculosis",law_enforcement,statute,TRUE,TRUE,NA,TRUE,NA,NA,NA,NA,NA,Fla. Stat. § 112.181,https://www.flsenate.gov/laws/statutes/2024/112.181,Covers law enforcement and correctional officers employed full-time. Written affidavit of no outside exposure required. Immunization refusal disqualifies. Excludes public hospital employees.,NA,https://www.iaff.org/presumptive-health/fl/,2026-05-23
FL,Florida,infectious,tuberculosis,law_enforcement,statute,TRUE,TRUE,NA,TRUE,NA,NA,NA,NA,NA,Fla. Stat. § 112.18,https://www.flsenate.gov/laws/statutes/2024/112.18,"Covers law enforcement officers and correctional officers as defined in s. 943.10(1), (2), or (3). Pre-employment exam must have failed to reveal the condition.",NA,https://www.iaff.org/presumptive-health/fl/,2026-05-23
FL,Florida,mental,posttraumatic stress disorder (PTSD),firefighter,statute,TRUE,FALSE,NA,NA,NA,NA,NA,Claim must be properly noticed within 52 weeks after qualifying event,NA,Fla. Stat. § 112.1815,https://www.flsenate.gov/laws/statutes/2025/112.1815,"PTSD is a compensable occupational disease. Must be diagnosed by a licensed psychiatrist who is an authorized treating physician. Must result from one of enumerated qualifying events (e.g., death of a minor, grievous bodily harm). No physical injury required. Not subject to apportionment for pre-existing PTSD. Effective October 1, 2018. Also covers volunteer firefighters.",NA,https://www.iaff.org/presumptive-health/fl/,2026-05-23
FL,Florida,mental,posttraumatic stress disorder (PTSD),emt_paramedic,statute,TRUE,FALSE,NA,NA,NA,NA,NA,Claim must be properly noticed within 52 weeks after qualifying event,NA,Fla. Stat. § 112.1815,https://www.flsenate.gov/laws/statutes/2025/112.1815,"PTSD is a compensable occupational disease for EMTs and paramedics. Must be diagnosed by a licensed psychiatrist. Must result from enumerated qualifying events. No physical injury required. Effective October 1, 2018. Also covers volunteer EMTs/paramedics.",NA,https://www.iaff.org/presumptive-health/fl/,2026-05-23
FL,Florida,mental,posttraumatic stress disorder (PTSD),law_enforcement,statute,TRUE,FALSE,NA,NA,NA,NA,NA,Claim must be properly noticed within 52 weeks after qualifying event,NA,Fla. Stat. § 112.1815,https://www.flsenate.gov/laws/statutes/2025/112.1815,"PTSD is a compensable occupational disease for law enforcement officers. Must be diagnosed by a licensed psychiatrist. Must result from enumerated qualifying events. No physical injury required. Effective October 1, 2018. Also covers volunteer law enforcement.",NA,https://www.iaff.org/presumptive-health/fl/,2026-05-23
FL,Florida,other,Smallpox vaccination adverse effects (deemed a compensable injury arising out of employment),firefighter,statute,TRUE,NA,NA,NA,NA,NA,NA,NA,NA,Fla. Stat. § 112.1815(2)(b),https://www.flsenate.gov/laws/statutes/2025/112.1815,"Any adverse result or complication from a smallpox vaccination given to a first responder is deemed a workplace injury by accident. This provision was originally enacted in 2007 (Ch. 2007-87), arising from federal/state smallpox pre-event vaccination programs, and predates the 2018 amendment that added PTSD coverage to a different part of the same statute (§ 112.1815) -- the two provisions have separate origin dates. It's narrow in practical scope, applying only during an active smallpox vaccination program, but it remains in effect, with no repeal or sunset found. It also covers volunteer firefighters.",NA,https://www.iaff.org/presumptive-health/fl/,2026-07-02
FL,Florida,other,Smallpox vaccination adverse effects (deemed a compensable injury arising out of employment),emt_paramedic,statute,TRUE,NA,NA,NA,NA,NA,NA,NA,NA,Fla. Stat. § 112.1815(2)(b),https://www.flsenate.gov/laws/statutes/2025/112.1815,"Any adverse result or complication from a smallpox vaccination given to a first responder is deemed a workplace injury by accident. This provision was originally enacted in 2007 (Ch. 2007-87), arising from federal/state smallpox pre-event vaccination programs, and predates the 2018 amendment that added PTSD coverage to a different part of the same statute (§ 112.1815) -- the two provisions have separate origin dates. It's narrow in practical scope, applying only during an active smallpox vaccination program, but it remains in effect, with no repeal or sunset found. It also covers volunteer EMTs/paramedics.",NA,https://www.iaff.org/presumptive-health/fl/,2026-07-02
FL,Florida,other,Smallpox vaccination adverse effects (deemed a compensable injury arising out of employment),law_enforcement,statute,TRUE,NA,NA,NA,NA,NA,NA,NA,NA,Fla. Stat. § 112.1815(2)(b),https://www.flsenate.gov/laws/statutes/2025/112.1815,"Any adverse result or complication from a smallpox vaccination given to a first responder is deemed a workplace injury by accident. This provision was originally enacted in 2007 (Ch. 2007-87), arising from federal/state smallpox pre-event vaccination programs, and predates the 2018 amendment that added PTSD coverage to a different part of the same statute (§ 112.1815) -- the two provisions have separate origin dates. It's narrow in practical scope, applying only during an active smallpox vaccination program, but it remains in effect, with no repeal or sunset found. It also covers volunteer law enforcement.",NA,https://www.iaff.org/presumptive-health/fl/,2026-07-02
GA,Georgia,cancer,"bladder, blood, brain, breast, cervical, esophageal, intestinal, kidney, lymphatic, lung, prostate, rectum, respiratory tract, skin, testicular, thyroid cancer; leukemia; multiple myeloma; non-Hodgkin's lymphoma",firefighter,employer_benefit,TRUE,NA,1,NA,NA,NA,NA,NA,NA,O.C.G.A. § 25-3-23,https://codes.findlaw.com/ga/title-25-fire-protection-and-safety/ga-code-sect-25-3-23/,"NOTE: Georgia has no workers' compensation presumption for this condition. Cancer coverage (§ 25-3-23) is an employer insurance mandate; cardiovascular coverage (§ 45-9-85) is the State Indemnification Fund lump-sum disability/death benefit; PTSD coverage (§§ 45-25-1 et seq.) is a mandatory employer-funded insurance benefit. None is a WC presumption shifting the burden of proof. Requires 12 consecutive months of service as a firefighter with the same fire department. Provides mandatory insurance coverage (lump sum + monthly disability benefit) rather than a direct WC presumption. Effective January 1, 2018. Volunteers covered under same statute but with lower benefit levels ($1,500/month vs. 60% of salary).",NA,https://www.iaff.org/presumptive-health/ga/,2026-05-23
GA,Georgia,cancer,"bladder, blood, brain, breast, cervical, esophageal, intestinal, kidney, lymphatic, lung, prostate, rectum, respiratory tract, skin, testicular, thyroid cancer; leukemia; multiple myeloma; non-Hodgkin's lymphoma",firefighter_volunteer,employer_benefit,TRUE,NA,1,NA,NA,NA,NA,NA,NA,O.C.G.A. § 25-3-23,https://codes.findlaw.com/ga/title-25-fire-protection-and-safety/ga-code-sect-25-3-23/,"NOTE: Georgia has no workers' compensation presumption for this condition. Cancer coverage (§ 25-3-23) is an employer insurance mandate; cardiovascular coverage (§ 45-9-85) is the State Indemnification Fund lump-sum disability/death benefit; PTSD coverage (§§ 45-25-1 et seq.) is a mandatory employer-funded insurance benefit. None is a WC presumption shifting the burden of proof. Volunteers explicitly included in the cancer insurance mandate. Monthly disability benefit is $1,500 (vs. 60% of salary for career firefighters). Effective January 1, 2018. Volunteer fire departments not required to cover volunteers who are simultaneously employed as career firefighters at another department.",NA,https://www.iaff.org/presumptive-health/ga/,2026-05-23
GA,Georgia,cardiovascular,"heart attack, stroke, vascular rupture",firefighter,employer_benefit,TRUE,TRUE,NA,NA,NA,NA,NA,Must commence within 24 hours after performing work-related activity,NA,O.C.G.A. § 45-9-85(b)(4),https://codes.findlaw.com/ga/title-45-public-officers-and-employees/ga-code-sect-45-9-85/,"NOTE: Georgia has no workers' compensation presumption for this condition. Cancer coverage (§ 25-3-23) is an employer insurance mandate; cardiovascular coverage (§ 45-9-85) is the State Indemnification Fund lump-sum disability/death benefit; PTSD coverage (§§ 45-25-1 et seq.) is a mandatory employer-funded insurance benefit. None is a WC presumption shifting the burden of proof. Presumption applies if heart attack, stroke, or vascular rupture: commenced while performing work-related activity, while on duty after such activity, or not later than 24 hours after such activity; AND directly or proximately resulted in death or disability. Rebuttable by competent medical evidence that it was not related to work activity or was caused solely by cardiovascular disease risk factors.",NA,https://www.iaff.org/presumptive-health/ga/,2026-05-23
GA,Georgia,cardiovascular,"heart attack, stroke, vascular rupture",emt_paramedic,employer_benefit,TRUE,TRUE,NA,NA,NA,NA,NA,Must commence within 24 hours after performing work-related activity,NA,O.C.G.A. § 45-9-85(b)(4),https://codes.findlaw.com/ga/title-45-public-officers-and-employees/ga-code-sect-45-9-85/,"NOTE: Georgia has no workers' compensation presumption for this condition. Cancer coverage (§ 25-3-23) is an employer insurance mandate; cardiovascular coverage (§ 45-9-85) is the State Indemnification Fund lump-sum disability/death benefit; PTSD coverage (§§ 45-25-1 et seq.) is a mandatory employer-funded insurance benefit. None is a WC presumption shifting the burden of proof. Statute covers 'public safety officers' defined to include emergency medical technicians. Presumption applies to heart attack, stroke, or vascular rupture within 24 hours of work-related activity. Rebuttable by competent medical evidence.",NA,https://www.iaff.org/presumptive-health/ga/,2026-05-23
GA,Georgia,cardiovascular,"heart attack, stroke, vascular rupture",law_enforcement,employer_benefit,TRUE,TRUE,NA,NA,NA,NA,NA,Must commence within 24 hours after performing work-related activity,NA,O.C.G.A. § 45-9-85(b)(4),https://codes.findlaw.com/ga/title-45-public-officers-and-employees/ga-code-sect-45-9-85/,"NOTE: Georgia has no workers' compensation presumption for this condition. Cancer coverage (§ 25-3-23) is an employer insurance mandate; cardiovascular coverage (§ 45-9-85) is the State Indemnification Fund lump-sum disability/death benefit; PTSD coverage (§§ 45-25-1 et seq.) is a mandatory employer-funded insurance benefit. None is a WC presumption shifting the burden of proof. Statute covers 'public safety officers' defined to include law enforcement officers. Presumption applies to heart attack, stroke, or vascular rupture within 24 hours of work-related activity. Rebuttable by competent medical evidence.",NA,https://www.iaff.org/presumptive-health/ga/,2026-05-23
GA,Georgia,cardiovascular,"heart attack, stroke, vascular rupture",corrections,employer_benefit,TRUE,TRUE,NA,NA,NA,NA,NA,Must commence within 24 hours after performing work-related activity,NA,O.C.G.A. § 45-9-85(b)(4),https://codes.findlaw.com/ga/title-45-public-officers-and-employees/ga-code-sect-45-9-85/,"NOTE: Georgia has no workers' compensation presumption for this condition. Cancer coverage (§ 25-3-23) is an employer insurance mandate; cardiovascular coverage (§ 45-9-85) is the State Indemnification Fund lump-sum disability/death benefit; PTSD coverage (§§ 45-25-1 et seq.) is a mandatory employer-funded insurance benefit. None is a WC presumption shifting the burden of proof. Statute covers 'public safety officers' defined to include prison guards. Presumption applies to heart attack, stroke, or vascular rupture within 24 hours of work-related activity. Rebuttable by competent medical evidence.",NA,https://www.iaff.org/presumptive-health/ga/,2026-05-23
GA,Georgia,mental,Post-traumatic stress disorder (PTSD); employer-funded insurance benefit,firefighter,employer_benefit,TRUE,NA,NA,FALSE,NA,NA,FALSE,NA,NA,O.C.G.A. §§ 45-25-1 et seq.,NA,"Georgia has no workers' compensation presumption for this condition. Cancer coverage (§ 25-3-23) is an employer insurance mandate; cardiovascular coverage (§ 45-9-85) is a lump-sum disability/death benefit through the State Indemnification Fund; and PTSD coverage (§§ 45-25-1 et seq., the Ashley Wilson Act) is a mandatory employer-funded insurance benefit. None of these shifts the burden of proof the way a true workers' compensation presumption would. The Ashley Wilson Act (HB 451) was signed May 1, 2024, with claims eligible starting January 1, 2025. Benefits: a $3,000 lump sum on diagnosis, plus 60% of monthly salary (up to $5,000/month for paid staff, $1,500/month for volunteers) for up to 36 months. PTSD must be diagnosed by a licensed mental health professional within 2 years of a qualifying traumatic event occurring on or after July 1, 2024. Covered groups include peace officers, firefighters, emergency medical professionals, 911 operators, probation officers, and jail and correctional officers. The employer must provide this insurance coverage.",NA,https://www.iaff.org/presumptive-health/ga/,2026-06-04
GA,Georgia,mental,Post-traumatic stress disorder (PTSD); employer-funded insurance benefit,emt_paramedic,employer_benefit,TRUE,NA,NA,FALSE,NA,NA,FALSE,NA,NA,O.C.G.A. §§ 45-25-1 et seq.,NA,"Georgia has no workers' compensation presumption for this condition. Cancer coverage (§ 25-3-23) is an employer insurance mandate; cardiovascular coverage (§ 45-9-85) is a lump-sum disability/death benefit through the State Indemnification Fund; and PTSD coverage (§§ 45-25-1 et seq., the Ashley Wilson Act) is a mandatory employer-funded insurance benefit. None of these shifts the burden of proof the way a true workers' compensation presumption would. The Ashley Wilson Act (HB 451) was signed May 1, 2024, with claims eligible starting January 1, 2025. Benefits: a $3,000 lump sum on diagnosis, plus 60% of monthly salary (up to $5,000/month for paid staff, $1,500/month for volunteers) for up to 36 months. PTSD must be diagnosed by a licensed mental health professional within 2 years of a qualifying traumatic event occurring on or after July 1, 2024. Covered groups include peace officers, firefighters, emergency medical professionals, 911 operators, probation officers, and jail and correctional officers. The employer must provide this insurance coverage.",NA,https://www.iaff.org/presumptive-health/ga/,2026-06-04
GA,Georgia,mental,Post-traumatic stress disorder (PTSD); employer-funded insurance benefit,law_enforcement,employer_benefit,TRUE,NA,NA,FALSE,NA,NA,FALSE,NA,NA,O.C.G.A. §§ 45-25-1 et seq.,NA,"Georgia has no workers' compensation presumption for this condition. Cancer coverage (§ 25-3-23) is an employer insurance mandate; cardiovascular coverage (§ 45-9-85) is a lump-sum disability/death benefit through the State Indemnification Fund; and PTSD coverage (§§ 45-25-1 et seq., the Ashley Wilson Act) is a mandatory employer-funded insurance benefit. None of these shifts the burden of proof the way a true workers' compensation presumption would. The Ashley Wilson Act (HB 451) was signed May 1, 2024, with claims eligible starting January 1, 2025. Benefits: a $3,000 lump sum on diagnosis, plus 60% of monthly salary (up to $5,000/month for paid staff, $1,500/month for volunteers) for up to 36 months. PTSD must be diagnosed by a licensed mental health professional within 2 years of a qualifying traumatic event occurring on or after July 1, 2024. Covered groups include peace officers, firefighters, emergency medical professionals, 911 operators, probation officers, and jail and correctional officers. The employer must provide this insurance coverage.",NA,https://www.iaff.org/presumptive-health/ga/,2026-06-04
GA,Georgia,mental,Post-traumatic stress disorder (PTSD); employer-funded insurance benefit,corrections,employer_benefit,TRUE,NA,NA,FALSE,NA,NA,FALSE,NA,NA,O.C.G.A. §§ 45-25-1 et seq.,NA,"Georgia has no workers' compensation presumption for this condition. Cancer coverage (§ 25-3-23) is an employer insurance mandate; cardiovascular coverage (§ 45-9-85) is a lump-sum disability/death benefit through the State Indemnification Fund; and PTSD coverage (§§ 45-25-1 et seq., the Ashley Wilson Act) is a mandatory employer-funded insurance benefit. None of these shifts the burden of proof the way a true workers' compensation presumption would. The Ashley Wilson Act (HB 451) was signed May 1, 2024, with claims eligible starting January 1, 2025. Benefits: a $3,000 lump sum on diagnosis, plus 60% of monthly salary (up to $5,000/month for paid staff, $1,500/month for volunteers) for up to 36 months. PTSD must be diagnosed by a licensed mental health professional within 2 years of a qualifying traumatic event occurring on or after July 1, 2024. Covered groups include peace officers, firefighters, emergency medical professionals, 911 operators, probation officers, and jail and correctional officers. The employer must provide this insurance coverage.",NA,https://www.iaff.org/presumptive-health/ga/,2026-06-04
HI,Hawaii,cancer,"leukemia, multiple myeloma, non-Hodgkin lymphoma, cancer of the lung, brain, stomach, esophagus, intestines, rectum, kidney, bladder, prostate, breast, female reproductive organs, testes",firefighter,statute,TRUE,NA,5,NA,NA,NA,NA,NA,NA,Haw. Rev. Stat. § 386 (medical care for firefighters with cancer),https://law.justia.com/codes/hawaii/title-21/chapter-386/section-386-21-9/,"When a cancer claim is accepted as compensable for a firefighter with 5+ years of service, employer is liable for medical care at 110%-150% of Medicare RBRVS fees applicable to Hawaii. Provision is about enhanced medical benefit level, not a WC presumption per se, but applies once claim is accepted or determined compensable. IMPORTANT: § 386-21.9 does not itself create a presumption of compensability. It applies only after a claim has already been accepted as compensable and enhances the medical fee schedule to 110%–150% of Medicare RBRVS. There is no independent presumption of WC compensability for firefighter cancer under Hawaii law; standard individual proof of work-relatedness is still required.","METHODOLOGICAL FLAG (2026-08-07 research): § 386-21.9's legal character (a medical-fee-schedule enhancement applied only AFTER a claim is already accepted as compensable, vs. an independent presumption of compensability) is ambiguous. It does not itself create a presumption -- standard individual proof of work-relatedness is still required for the underlying WC claim. Flagged for methodological review before treating Hawaii as a true presumption state for this condition in cross-state comparisons.",https://www.iaff.org/presumptive-health/hi/,2026-05-23
HI,Hawaii,cardiovascular,disease of the heart,firefighter,statute,TRUE,TRUE,NA,TRUE,NA,NA,NA,NA,NA,Haw. Rev. Stat. § 88-79,https://law.justia.com/codes/hawaii/title-7/chapter-88/section-88-79/,"Applies for service-connected disability retirement. Presumption requires that entry physical exam failed to reveal any evidence of the condition. Inhalation of smoke, toxic gases, chemical fumes, and other toxic vapors shall be construed as injury received in performance of duty.",NA,https://www.iaff.org/presumptive-health/hi/,2026-05-23
HI,Hawaii,cardiovascular,disease of the heart,law_enforcement,statute,TRUE,TRUE,NA,TRUE,NA,NA,NA,NA,NA,Haw. Rev. Stat. § 88-79,https://law.justia.com/codes/hawaii/title-7/chapter-88/section-88-79/,Statute explicitly covers police officers. Presumption requires that entry physical exam failed to reveal any evidence of the condition.,NA,https://www.iaff.org/presumptive-health/hi/,2026-05-23
HI,Hawaii,respiratory,disease of the lungs or respiratory system,firefighter,statute,TRUE,TRUE,NA,TRUE,NA,NA,NA,NA,NA,Haw. Rev. Stat. § 88-79,https://law.justia.com/codes/hawaii/title-7/chapter-88/section-88-79/,"Applies for service-connected disability retirement. Presumption requires that entry physical exam failed to reveal any evidence of the condition. Inhalation of smoke, toxic gases, chemical fumes construed as occupational hazard.",NA,https://www.iaff.org/presumptive-health/hi/,2026-05-23
HI,Hawaii,respiratory,disease of the lungs or respiratory system,law_enforcement,statute,TRUE,TRUE,NA,TRUE,NA,NA,NA,NA,NA,Haw. Rev. Stat. § 88-79,https://law.justia.com/codes/hawaii/title-7/chapter-88/section-88-79/,Statute explicitly covers police officers. Presumption requires that entry physical exam failed to reveal any evidence of the condition.,NA,https://www.iaff.org/presumptive-health/hi/,2026-05-23
IA,Iowa,cancer,"All cancer types (any group of diseases involving abnormal cell growth with the potential to invade or spread to other parts of the body, per § 411.1(6) as amended by HF 969, eff. June 6, 2025; previously limited to 14 enumerated types)",firefighter,statute,TRUE,TRUE,NA,TRUE,NA,NA,NA,NA,NA,Iowa Code § 411.6(5); § 411.1(6),https://www.legis.iowa.gov/docs/code/2026/411.6.pdf,"Cancer defined by § 411.1(6). Presumed contracted while on active duty as a result of that duty. Pre-existing conditions known at membership commencement (on or after July 1, 1992) are excluded. HF 969 (signed June 6, 2025, effective June 6, 2025) amended § 411.1(6) to expand the definition of 'cancer' from 14 enumerated types to all cancer types across all three Iowa retirement systems (MFPRSI, PORS, IPERS).",NA,https://www.iaff.org/presumptive-health/ia/,2026-05-23
IA,Iowa,cancer,"All cancer types (per § 97A.1(6) as amended by HF 969, eff. June 2025)",law_enforcement,pension,TRUE,TRUE,NA,FALSE,NA,NA,FALSE,NA,NA,Iowa Code § 97A.1(6) (PORS — state peace officers),https://www.legis.iowa.gov/docs/code/2025/97A.1.pdf,"NOTE: Iowa's cancer coverage for law enforcement runs through the Public Officers' Retirement System (PORS) as a pension disability presumption, not the WC system. Iowa Public Officers' Retirement System (PORS) pension disability presumption for Iowa State Patrol, DCI, Narcotics Enforcement, State Fire Marshal, and Capitol Police officers. Pension-track disability presumption — NOT a workers' compensation presumption. HF 969 (eff. June 2025) expanded cancer definition from enumerated list to all cancer types. Coverage of heart/respiratory/infectious under PORS is unconfirmed — flagged for verification.",Confirm PORS tracks for heart/respiratory/infectious disease under § 97A; confirm HF 969 applies to PORS track same as MFPRSI track,https://www.iaff.org/presumptive-health/ia/,2026-06-04
IA,Iowa,cardiovascular,heart disease,firefighter,statute,TRUE,TRUE,NA,TRUE,NA,NA,NA,NA,NA,Iowa Code § 411.6(5),https://www.legis.iowa.gov/docs/code/2026/411.6.pdf,"Presumed contracted while on active duty as a result of strain. Pre-existing conditions known at membership commencement (on or after July 1, 1992) are excluded. Applies only to Chapter 411 retirement system members (police and firefighters in cities). Covers firefighters who passed regular civil service examination.",NA,https://www.iaff.org/presumptive-health/ia/,2026-05-23
IA,Iowa,respiratory,any disease of the lungs or respiratory tract,firefighter,statute,TRUE,TRUE,NA,TRUE,NA,NA,NA,NA,NA,Iowa Code § 411.6(5),https://www.legis.iowa.gov/docs/code/2026/411.6.pdf,"Presumed contracted while on active duty as result of inhalation of noxious fumes, poison, or gases. Pre-existing conditions known at membership commencement (on or after July 1, 1992) are excluded.",NA,https://www.iaff.org/presumptive-health/ia/,2026-05-23
IA,Iowa,infectious,"HIV/AIDS, all strains of hepatitis, meningococcal meningitis, mycobacterium tuberculosis",firefighter,statute,TRUE,TRUE,NA,TRUE,NA,NA,NA,NA,NA,Iowa Code § 411.6(5); § 411.1(11),https://www.legis.iowa.gov/docs/code/2026/411.6.pdf,"Infectious disease defined by § 411.1(11). Presumed contracted while on active duty as a result of that duty. Pre-existing conditions known at membership commencement (on or after July 1, 1992) are excluded.",NA,https://www.iaff.org/presumptive-health/ia/,2026-05-23
ID,Idaho,cancer,"brain cancer (10 yrs), bladder cancer (12 yrs), kidney cancer (15 yrs), colorectal cancer (10 yrs), non-Hodgkin's lymphoma (15 yrs), leukemia (5 yrs), mesothelioma (10 yrs), testicular cancer (5 yrs, age <40), breast cancer (5 yrs, age <40), esophageal cancer (10 yrs), multiple myeloma (15 yrs)",firefighter,statute,TRUE,TRUE,5,TRUE,120,NA,FALSE,Presumption does not apply to any disease diagnosed more than 10 years following the last date on which the firefighter actually worked as a firefighter,TRUE,Idaho Code § 72-438 (firefighter occupational diseases subsection),https://legislature.idaho.gov/statutesrules/idstat/Title72/T72CH4/SECT72-438/,Each cancer type has its own minimum years-of-service threshold (5-15 years). 'Firefighter' = employee whose primary duty is extinguishing or investigating fires. Pre-employment medical screening exam must not have revealed the disease. Presumption is rebuttable by substantial evidence. Post-termination window is 10 years (120 months) from last date worked. Tobacco exclusion: presumption does not apply if firefighter or firefighter's cohabitant has regularly and habitually used tobacco products for 10+ years prior to diagnosis. Testicular cancer: age <40 and no evidence of anabolic steroids or human growth hormone use. Breast cancer: age <40 without breast cancer genetic predisposition.,NA,https://www.iaff.org/presumptive-health/id/,2026-05-23
ID,Idaho,cardiovascular,cardiovascular or pulmonary diseases,firefighter,statute,TRUE,NA,4,NA,NA,NA,NA,NA,NA,Idaho Code § 72-438,https://legislature.idaho.gov/statutesrules/idstat/Title72/T72CH4/SECT72-438/,"Covers paid firemen employed by a municipality, village or fire district as regular members. Caused by overexertion in times of stress or danger OR by proximate exposure OR cumulative exposure over 4+ years to heat, smoke, chemical fumes or toxic gases. Applies to paid firefighters only (not volunteers). Covered diseases are not subject to the limitations of § 72-439.",NA,https://www.iaff.org/presumptive-health/id/,2026-05-23
ID,Idaho,respiratory,pulmonary or respiratory diseases,firefighter,statute,TRUE,NA,4,NA,NA,NA,NA,NA,NA,Idaho Code § 72-438,https://legislature.idaho.gov/statutesrules/idstat/Title72/T72CH4/SECT72-438/,"Covers paid firemen employed by municipality, village or fire district as regular members. Caused by overexertion or cumulative exposure over 4+ years to heat, smoke, chemical fumes or toxic gases. Paid firefighters only.",NA,https://www.iaff.org/presumptive-health/id/,2026-05-23
ID,Idaho,infectious,"AIDS, AIDS related complexes (ARC), other manifestations of HIV infection, infectious hepatitis viruses, tuberculosis",firefighter,statute,TRUE,NA,NA,NA,NA,NA,NA,NA,NA,Idaho Code § 72-438,https://legislature.idaho.gov/statutesrules/idstat/Title72/T72CH4/SECT72-438/,"Applies to occupations involving exposure to human blood or body fluids, which encompasses firefighters. No specific service minimum stated for this provision.",NA,https://www.iaff.org/presumptive-health/id/,2026-05-23
ID,Idaho,mental,post-traumatic stress injury (PTSD or PTSI per DSM-5),firefighter,statute,TRUE,TRUE,NA,NA,NA,NA,NA,NA,NA,Idaho Code § 72-451(4)-(6),https://legislature.idaho.gov/statutesrules/idstat/Title72/T72CH4/SECT72-451/,"Requires diagnosis by a psychologist, licensed psychiatrist, or counselor trained in PTSI, along with clear and convincing evidence that the injury was caused by an event or events arising out of employment. Applies to firefighters as defined in §§ 59-1391(f) and 72-1403(A), for dates of injury or manifestation on or after July 1, 2019. The law originally included a sunset clause set for July 1, 2023, but that sunset was repealed before it ever took effect (2023 HB 18, effective July 1, 2023). PTSD/PTSI compensability under § 72-451 is now permanent -- there is no sunset in the statute today.",NA,https://www.iaff.org/presumptive-health/id/,2026-05-23
ID,Idaho,mental,post-traumatic stress injury (PTSD or PTSI per DSM-5),emt_paramedic,statute,TRUE,TRUE,NA,NA,NA,NA,NA,NA,NA,Idaho Code § 72-451(4)-(6),https://legislature.idaho.gov/statutesrules/idstat/Title72/T72CH4/SECT72-451/,"Applies to EMS providers certified under §§ 56-1011 through 56-1018B and ambulance-based clinicians. Requires a PTSI diagnosis supported by clear and convincing evidence. Coverage applies to dates of injury or manifestation on or after July 1, 2019. The law originally included a sunset clause set for July 1, 2023, but that sunset was repealed before it ever took effect (2023 HB 18, effective July 1, 2023). PTSD/PTSI compensability under § 72-451 is now permanent -- there is no sunset in the statute today.",NA,https://www.iaff.org/presumptive-health/id/,2026-05-23
ID,Idaho,mental,post-traumatic stress injury (PTSD or PTSI per DSM-5),law_enforcement,statute,TRUE,TRUE,NA,NA,NA,NA,NA,NA,NA,Idaho Code § 72-451(4)-(6),https://legislature.idaho.gov/statutesrules/idstat/Title72/T72CH4/SECT72-451/,"Applies to peace officers (city, county, and Idaho state police) as defined in § 19-5101(d). Requires a PTSI diagnosis supported by clear and convincing evidence. Coverage applies to dates of injury or manifestation on or after July 1, 2019. The law originally included a sunset clause set for July 1, 2023, but that sunset was repealed before it ever took effect (2023 HB 18, effective July 1, 2023). PTSD/PTSI compensability under § 72-451 is now permanent -- there is no sunset in the statute today.",NA,https://www.iaff.org/presumptive-health/id/,2026-05-23
IL,Illinois,cancer,"disabling cancer that may be caused by exposure to heat, radiation, or a known carcinogen as defined by IARC",firefighter,statute,TRUE,TRUE,5,TRUE,NA,NA,TRUE,Cancer must develop or manifest during period while firefighter is in service (pension provisions). 5-year minimum at time of filing Application for Adjustment of Claim (WC/OD Acts).,NA,40 ILCS 5/4-110.1; 40 ILCS 5/6-151.1; 820 ILCS 305; 820 ILCS 310,https://www.ilga.gov/Documents/legislation/ilcs/documents/004000050K4-110.1.htm,"Cancer type must be one that may be caused by exposure to heat, radiation, or a known IARC carcinogen (4-110.1 and WC/OD Acts). Pre-employment exam: if exam discloses existence of cancer, firefighter loses entitlement until subsequent exam shows no cancer. Article 6 (cities over 500K) requires 7 years. CLARIFICATION (2026-07-02 research): the IARC-linked-carcinogen requirement applies to the pension track (40 ILCS 5/4-110.1, 6-151.1) only. The parallel WC/Occupational Diseases Act track (820 ILCS 305, 310) presumes any cancer type without requiring proof of a specific IARC-classified carcinogen link — a real cross-track standard difference that the existing note above does not distinguish.",NA,https://www.iaff.org/presumptive-health/il/,2026-05-23
IL,Illinois,cancer,"cancer caused by exposure to heat, radiation, or IARC-defined carcinogen",emt_paramedic,statute,TRUE,TRUE,5,NA,NA,NA,NA,5-year minimum at time of filing Application for Adjustment of Claim.,NA,820 ILCS 305; 820 ILCS 310,https://www.ilga.gov/Documents/legislation/ilcs/documents/082003050K6.htm,"Covers EMT, EMT-I, A-EMT, and paramedic. Private-employer/medical-transfer exclusion applies.",NA,https://www.iaff.org/presumptive-health/il/,2026-05-23
IL,Illinois,cardiovascular,"heart disease, stroke",firefighter,statute,TRUE,TRUE,5,TRUE,NA,NA,TRUE,Presumption does not apply to employees with less than 5 years at time of filing Application for Adjustment of Claim with IL WCC (820 ILCS 305/310). Pension provisions require disease to develop/manifest during active service.,NA,"40 ILCS 5/4-110.1 (municipalities 500,000 and under); 40 ILCS 5/6-151.1 (cities over 500,000); 820 ILCS 305 (Workers' Compensation Act); 820 ILCS 310 (Workers' Occupational Diseases Act)",https://www.ilga.gov/Documents/legislation/ilcs/documents/004000050K4-110.1.htm,"Pension provisions (40 ILCS 5/4-110.1 and 6-151.1) require 5 years (Article 4) or 7 years (Article 6) of service, active status, and disease to manifest during service. Article 4 applies to municipalities 500K and under; Article 6 to cities over 500K (7-year minimum). WC/OD Acts (820 ILCS 305/310) require 5 years employment at time of filing Application for Adjustment of Claim. Pre-employment exam required under pension provisions: if exam shows impairment, firefighter loses entitlement until subsequent exam shows no impairment.",NA,https://www.iaff.org/presumptive-health/il/,2026-05-23
IL,Illinois,cardiovascular,"heart or vascular disease or condition, hypertension",emt_paramedic,statute,TRUE,TRUE,5,NA,NA,NA,NA,5-year minimum at time of filing Application for Adjustment of Claim with IL WCC.,NA,820 ILCS 305; 820 ILCS 310,https://www.ilga.gov/Documents/legislation/ilcs/documents/082003050K6.htm,"WC/OD Acts cover EMT, EMT-I, A-EMT, and paramedic. Exclusion: presumption does NOT apply to EMT/A-EMT/paramedic employed by a private employer if the employee spends the preponderance of work time engaged in medical transfers between medical care facilities or non-emergency medical transfers.",NA,https://www.iaff.org/presumptive-health/il/,2026-05-23
IL,Illinois,respiratory,"tuberculosis, disease of the lungs or respiratory tract",firefighter,statute,TRUE,TRUE,5,TRUE,NA,NA,TRUE,5-year employment minimum at time of filing for WC/OD Acts; disease must manifest during active service for pension provisions.,NA,40 ILCS 5/4-110.1; 40 ILCS 5/6-151.1; 820 ILCS 305; 820 ILCS 310,https://www.ilga.gov/Documents/legislation/ilcs/documents/004000050K4-110.1.htm,"Tuberculosis and lung/respiratory disease covered under all four statutory provisions. Article 4 (5-year minimum), Article 6 (7-year minimum). Pre-employment exam required under pension provisions.",NA,https://www.iaff.org/presumptive-health/il/,2026-05-23
IL,Illinois,respiratory,"lung or respiratory disease or condition, tuberculosis",emt_paramedic,statute,TRUE,TRUE,5,NA,NA,NA,NA,5-year minimum at time of filing Application for Adjustment of Claim.,NA,820 ILCS 305; 820 ILCS 310,https://www.ilga.gov/Documents/legislation/ilcs/documents/082003050K6.htm,"Covers EMT, EMT-I, A-EMT, and paramedic. Private-employer/medical-transfer exclusion applies.",NA,https://www.iaff.org/presumptive-health/il/,2026-05-23
IL,Illinois,infectious,"AIDS, hepatitis C, bloodborne pathogens, MRSA (contagious staph infection)",firefighter,statute,TRUE,TRUE,5,TRUE,NA,NA,TRUE,Article 6 requires disease during active service. WC/OD Acts require 5 years at time of filing.,NA,40 ILCS 5/6-151.1; 820 ILCS 305; 820 ILCS 310,https://www.ilga.gov/Documents/legislation/ilcs/documents/004000050K6-151.1.htm,"AIDS and hepatitis C covered in Article 6 (cities over 500K; 7-year minimum) and WC/OD Acts. MRSA covered under all three WC/OD-related provisions. Pre-employment exam required under Article 6: if exam discloses AIDS, hepatitis C, or MRSA, firefighter loses entitlement until subsequent exam shows no impairment.",NA,https://www.iaff.org/presumptive-health/il/,2026-05-23
IL,Illinois,infectious,"bloodborne pathogens, MRSA (contagious staph infection), tuberculosis",emt_paramedic,statute,TRUE,TRUE,5,NA,NA,NA,NA,5-year minimum at time of filing Application for Adjustment of Claim.,NA,820 ILCS 305; 820 ILCS 310,https://www.ilga.gov/Documents/legislation/ilcs/documents/082003050K6.htm,"Covers EMT, EMT-I, A-EMT, and paramedic. Private-employer/medical-transfer exclusion applies.",NA,https://www.iaff.org/presumptive-health/il/,2026-05-23
IL,Illinois,mental,post-traumatic stress disorder (PTSD),firefighter,statute,FALSE,NA,NA,NA,NA,NA,NA,NA,NA,40 ILCS 5/4-112,https://www.ilga.gov/Documents/legislation/ilcs/documents/004000050K4-112.htm,"Illinois has no PTSD workers' compensation presumption. HB3529 (103rd GA, 2023) proposed adding PTSD to the WC presumption list but was not enacted. 40 ILCS 5/4-112 — the statute cited here — governs frequency of re-examinations and provides anti-retaliation protections for firefighters already receiving disability pension benefits; it does not create a presumption that PTSD is occupationally related and does not shift any burden of proof. Illinois first responders with PTSD must meet the general WC standard ('sudden, severe emotional shock traceable to a definite time, place and cause') — a significantly higher bar than a presumption.",NA,https://www.iaff.org/presumptive-health/il/,2026-05-23
IL,Illinois,other,"hernia, hearing loss",firefighter,statute,TRUE,TRUE,5,NA,NA,NA,NA,5-year minimum at time of filing Application for Adjustment of Claim.,NA,820 ILCS 305; 820 ILCS 310,https://www.ilga.gov/Documents/legislation/ilcs/documents/082003050K6.htm,Hernia and hearing loss explicitly included in the rebuttable presumption under both the Workers' Compensation Act and the Workers' Occupational Diseases Act.,NA,https://www.iaff.org/presumptive-health/il/,2026-05-23
IL,Illinois,other,"hernia, hearing loss",emt_paramedic,statute,TRUE,TRUE,5,NA,NA,NA,NA,5-year minimum at time of filing Application for Adjustment of Claim.,NA,820 ILCS 305; 820 ILCS 310,https://www.ilga.gov/Documents/legislation/ilcs/documents/082003050K6.htm,"Hernia and hearing loss explicitly included for EMT, EMT-I, A-EMT, and paramedic. Private-employer/medical-transfer exclusion applies.",NA,https://www.iaff.org/presumptive-health/il/,2026-05-23
IN,Indiana,cancer,exposure-related cancer — cancer caused by a known carcinogen to which an individual is at risk for occupational exposure (as recognized by IARC or NIOSH),firefighter,pension,TRUE,TRUE,NA,NA,60,NA,FALSE,Former employee must have terminated employment not more than 60 months (5 years) before diagnosis; individual must be either actively employed or have terminated not more than 60 months earlier at time of diagnosis.,TRUE,IC 5-10-15-9,https://codes.findlaw.com/in/title-5-state-and-local-administration/in-code-sect-5-10-15-9.html,"NOTE: Indiana's WC system (IC 22-3-7-2) explicitly excludes municipal firefighters and police officers who are members of pension funds. These benefits are pension disability presumptions only, not workers' compensation presumptions. Applies to full-time employees of state or political subdivision. Tobacco exclusion: chapter does not apply to any individual who used tobacco products in any form in the 5 years before diagnosis. At time of diagnosis: must be actively employed OR have terminated employment not more than 60 months earlier. Presumption is rebuttable by competent evidence.",NA,https://www.iaff.org/presumptive-health/in/,2026-05-23
IN,Indiana,cancer,exposure-related cancer — cancer caused by a known carcinogen to which an individual is at risk for occupational exposure,emt_paramedic,pension,TRUE,TRUE,NA,NA,60,NA,FALSE,Must be actively employed or have terminated not more than 60 months before diagnosis.,TRUE,IC 5-10-15-9,https://codes.findlaw.com/in/title-5-state-and-local-administration/in-code-sect-5-10-15-9.html,"NOTE: Indiana's WC system (IC 22-3-7-2) explicitly excludes municipal firefighters and police officers who are members of pension funds. These benefits are pension disability presumptions only, not workers' compensation presumptions. Applies to full-time emergency medical services providers as defined in IC 16-41-10-1. Tobacco exclusion: no tobacco use in the 5 years before diagnosis. Rebuttable by competent evidence.",NA,https://www.iaff.org/presumptive-health/in/,2026-05-23
IN,Indiana,cancer,exposure-related cancer — cancer caused by a known carcinogen to which an individual is at risk for occupational exposure,law_enforcement,pension,TRUE,TRUE,NA,NA,60,NA,FALSE,Must be actively employed or have terminated not more than 60 months before diagnosis.,TRUE,IC 5-10-15-9,https://codes.findlaw.com/in/title-5-state-and-local-administration/in-code-sect-5-10-15-9.html,"NOTE: Indiana's WC system (IC 22-3-7-2) explicitly excludes municipal firefighters and police officers who are members of pension funds. These benefits are pension disability presumptions only, not workers' compensation presumptions. Applies to full-time members of a police department as defined in IC 36-8-1-9. Tobacco exclusion: no tobacco use in the 5 years before diagnosis. Rebuttable by competent evidence.",NA,https://www.iaff.org/presumptive-health/in/,2026-05-23
IN,Indiana,cardiovascular,exposure-related heart or lung disease — disease or impairment of cardiovascular system caused by occupational exposure,firefighter,pension,TRUE,TRUE,NA,NA,60,NA,FALSE,Must be actively employed or have terminated not more than 60 months before diagnosis.,TRUE,IC 5-10-15-9,https://codes.findlaw.com/in/title-5-state-and-local-administration/in-code-sect-5-10-15-9.html,"NOTE: Indiana's WC system (IC 22-3-7-2) explicitly excludes municipal firefighters and police officers who are members of pension funds. These benefits are pension disability presumptions only, not workers' compensation presumptions. Full-time firefighters only. Tobacco exclusion: chapter does not apply to individuals who used tobacco in the 5 years before diagnosis. Rebuttable by competent evidence.",NA,https://www.iaff.org/presumptive-health/in/,2026-05-23
IN,Indiana,cardiovascular,exposure-related heart or lung disease — disease or impairment of cardiovascular system,emt_paramedic,pension,TRUE,TRUE,NA,NA,60,NA,FALSE,Must be actively employed or have terminated not more than 60 months before diagnosis.,TRUE,IC 5-10-15-9,https://codes.findlaw.com/in/title-5-state-and-local-administration/in-code-sect-5-10-15-9.html,"NOTE: Indiana's WC system (IC 22-3-7-2) explicitly excludes municipal firefighters and police officers who are members of pension funds. These benefits are pension disability presumptions only, not workers' compensation presumptions. Full-time EMS providers. Tobacco exclusion applies. Rebuttable by competent evidence.",NA,https://www.iaff.org/presumptive-health/in/,2026-05-23
IN,Indiana,cardiovascular,exposure-related heart or lung disease — disease or impairment of cardiovascular system,law_enforcement,pension,TRUE,TRUE,NA,NA,60,NA,FALSE,Must be actively employed or have terminated not more than 60 months before diagnosis.,TRUE,IC 5-10-15-9,https://codes.findlaw.com/in/title-5-state-and-local-administration/in-code-sect-5-10-15-9.html,"NOTE: Indiana's WC system (IC 22-3-7-2) explicitly excludes municipal firefighters and police officers who are members of pension funds. These benefits are pension disability presumptions only, not workers' compensation presumptions. Full-time law enforcement. Tobacco exclusion applies. Rebuttable by competent evidence.",NA,https://www.iaff.org/presumptive-health/in/,2026-05-23
IN,Indiana,respiratory,exposure-related lung disease — disease or impairment of respiratory system caused by occupational exposure,firefighter,pension,TRUE,TRUE,NA,NA,60,NA,FALSE,Must be actively employed or have terminated not more than 60 months before diagnosis.,TRUE,IC 5-10-15-9,https://codes.findlaw.com/in/title-5-state-and-local-administration/in-code-sect-5-10-15-9.html,"NOTE: Indiana's WC system (IC 22-3-7-2) explicitly excludes municipal firefighters and police officers who are members of pension funds. These benefits are pension disability presumptions only, not workers' compensation presumptions. Full-time firefighters only. Tobacco exclusion applies (no tobacco use in 5 years before diagnosis). Rebuttable by competent evidence.",NA,https://www.iaff.org/presumptive-health/in/,2026-05-23
IN,Indiana,respiratory,exposure-related lung disease — disease or impairment of respiratory system,emt_paramedic,pension,TRUE,TRUE,NA,NA,60,NA,FALSE,Must be actively employed or have terminated not more than 60 months before diagnosis.,TRUE,IC 5-10-15-9,https://codes.findlaw.com/in/title-5-state-and-local-administration/in-code-sect-5-10-15-9.html,"NOTE: Indiana's WC system (IC 22-3-7-2) explicitly excludes municipal firefighters and police officers who are members of pension funds. These benefits are pension disability presumptions only, not workers' compensation presumptions. Full-time EMS providers. Tobacco exclusion applies. Rebuttable by competent evidence.",NA,https://www.iaff.org/presumptive-health/in/,2026-05-23
IN,Indiana,respiratory,exposure-related lung disease — disease or impairment of respiratory system,law_enforcement,pension,TRUE,TRUE,NA,NA,60,NA,FALSE,Must be actively employed or have terminated not more than 60 months before diagnosis.,TRUE,IC 5-10-15-9,https://codes.findlaw.com/in/title-5-state-and-local-administration/in-code-sect-5-10-15-9.html,"NOTE: Indiana's WC system (IC 22-3-7-2) explicitly excludes municipal firefighters and police officers who are members of pension funds. These benefits are pension disability presumptions only, not workers' compensation presumptions. Full-time law enforcement. Tobacco exclusion applies. Rebuttable by competent evidence.",NA,https://www.iaff.org/presumptive-health/in/,2026-05-23
IN,Indiana,mental,mental illness / mental health disability (including PTSD),firefighter,pension,FALSE,NA,NA,NA,NA,NA,NA,NA,NA,IC 36-8-8.3; IC 36-8-8-12.5; IC 36-8-8-13.1,https://codes.findlaw.com/in/title-36-local-government/in-code-sect-36-8-8-3-1.html,"Indiana's workers' compensation system (IC 22-3-7-2) explicitly excludes municipal firefighters and police officers who are members of pension funds -- so these benefits are pension disability provisions, not workers' compensation presumptions. This applies to 1977 Fund members (firefighters under IC 36-8-8). Mental health disability is treated as a Class 1 impairment, the same as occupational disease. The review process works like this: an initial 2-year provisional period requiring active treatment, a panel reevaluation at the end of that period, a second 2-year provisional period if the firefighter is still impaired, and permanent disability status if impairment continues after the second evaluation. This applies to final determinations made after December 31, 2012, and the employer pays for mental health care during both provisional periods. Importantly, this is a claims-administration and review-panel procedure for an existing mental-health disability pathway -- it does not create or reflect any presumption that a mental-health condition, including PTSD, is duty-related. Indiana has no PTSD or mental-health presumption of any kind.",NA,https://www.iaff.org/presumptive-health/in/,2026-05-23
IN,Indiana,mental,mental illness / mental health disability (including PTSD),law_enforcement,pension,FALSE,NA,NA,NA,NA,NA,NA,NA,NA,IC 36-8-8.3; IC 36-8-8-12.5; IC 36-8-8-13.1,https://codes.findlaw.com/in/title-36-local-government/in-code-sect-36-8-8-3-1.html,"Indiana's workers' compensation system (IC 22-3-7-2) explicitly excludes municipal firefighters and police officers who are members of pension funds -- so these benefits are pension disability provisions, not workers' compensation presumptions. This applies to 1977 Fund members, both police officers and firefighters, under IC 36-8-8. The review panel includes an active or retired police officer or firefighter, depending on which fund member is being evaluated, and uses the same two-stage provisional-period structure described for firefighters. The employer pays for mental health care during the provisional periods. Importantly, this is a claims-administration and review-panel procedure for an existing mental-health disability pathway -- it does not create or reflect any presumption that a mental-health condition, including PTSD, is duty-related. Indiana has no PTSD or mental-health presumption of any kind.",NA,https://www.iaff.org/presumptive-health/in/,2026-05-23
IN,Indiana,other,exposure-related Parkinson's disease — caused by a toxin or head trauma known to increase risk for Parkinson's disease,firefighter,pension,TRUE,TRUE,NA,NA,60,NA,FALSE,Must be actively employed or have terminated not more than 60 months before diagnosis.,TRUE,IC 5-10-15-5.5; IC 5-10-15-9,https://codes.findlaw.com/in/title-5-state-and-local-administration/in-code-sect-5-10-15-9.html,"NOTE: Indiana's WC system (IC 22-3-7-2) explicitly excludes municipal firefighters and police officers who are members of pension funds. These benefits are pension disability presumptions only, not workers' compensation presumptions. Parkinson's disease explicitly added as a presumptive condition (IC 5-10-15-5.5 added by P.L.59-2009). Must be caused by toxin or head trauma known to increase Parkinson's risk AND to which individual is at risk for occupational exposure. Tobacco exclusion applies. Rebuttable by competent evidence.",NA,https://www.iaff.org/presumptive-health/in/,2026-05-23
IN,Indiana,other,exposure-related Parkinson's disease,emt_paramedic,pension,TRUE,TRUE,NA,NA,60,NA,FALSE,Must be actively employed or have terminated not more than 60 months before diagnosis.,TRUE,IC 5-10-15-5.5; IC 5-10-15-9,https://codes.findlaw.com/in/title-5-state-and-local-administration/in-code-sect-5-10-15-9.html,"NOTE: Indiana's WC system (IC 22-3-7-2) explicitly excludes municipal firefighters and police officers who are members of pension funds. These benefits are pension disability presumptions only, not workers' compensation presumptions. Full-time EMS providers. Tobacco exclusion applies. Rebuttable by competent evidence.",NA,https://www.iaff.org/presumptive-health/in/,2026-05-23
IN,Indiana,other,exposure-related Parkinson's disease,law_enforcement,pension,TRUE,TRUE,NA,NA,60,NA,FALSE,Must be actively employed or have terminated not more than 60 months before diagnosis.,TRUE,IC 5-10-15-5.5; IC 5-10-15-9,https://codes.findlaw.com/in/title-5-state-and-local-administration/in-code-sect-5-10-15-9.html,"NOTE: Indiana's WC system (IC 22-3-7-2) explicitly excludes municipal firefighters and police officers who are members of pension funds. These benefits are pension disability presumptions only, not workers' compensation presumptions. Full-time law enforcement. Tobacco exclusion applies. Rebuttable by competent evidence.",NA,https://www.iaff.org/presumptive-health/in/,2026-05-23
KS,Kansas,cancer,"cancer which may result from exposure to heat, radiation, or a known carcinogen",firefighter,pension,TRUE,TRUE,5,NA,NA,NA,NA,NA,NA,K.S.A. 74-4952,https://ksrevisor.gov/statutes/chapters/ch74/074_049_0052.html,"NOTE: This benefit runs through the Kansas Police and Firemen's Retirement System (KP&F / KPERS pension track), not the workers' compensation system. The presumption applies to disability retirement claims, not WC claims. Cancer presumption limited to types that 'may, in general, result from exposure to heat, radiation, or a known carcinogen.' Same re-entry restriction applies. Part of KPERS pension system.",NA,https://www.iaff.org/presumptive-health/ks/,2026-05-23
KS,Kansas,cancer,"cancer which may result from exposure to heat, radiation, or a known carcinogen",law_enforcement,pension,TRUE,TRUE,5,NA,NA,NA,NA,NA,NA,K.S.A. 74-4952,https://ksrevisor.gov/statutes/chapters/ch74/074_049_0052.html,"NOTE: This benefit runs through the Kansas Police and Firemen's Retirement System (KP&F / KPERS pension track), not the workers' compensation system. The presumption applies to disability retirement claims, not WC claims. Same statute covers 'policeman or fire fighter.' Cancer limited to types resulting from heat, radiation, or known carcinogen exposure. Part of KPERS pension system.",NA,https://www.iaff.org/presumptive-health/ks/,2026-05-23
KS,Kansas,cardiovascular,"Coronary or coronary artery disease; cerebrovascular injury (modified WC causation standard, not a presumption)",firefighter,statute,FALSE,NA,NA,NA,NA,NA,NA,NA,NA,KSA 44-501(c)(2),https://ksrevisor.gov/statutes/chapters/ch44/044_005_0001.html,"This is not a rebuttable presumption -- it's a modified workers' compensation causation standard. To qualify, the claim must show (1) a specific identifiable work event, (2) that the cardiac or cerebrovascular event occurred within 24 hours of that event, and (3) that the event was the ""prevailing factor"" in causing it. The burden of proof never shifts to the employer. This standard was enacted in 2014 (L. 2014, ch. 25, § 1), applies to events on or after July 1, 2014, and was amended in 2024 (L. 2024, ch. 27, § 2). It exists separately from, and in addition to, the Kansas Police and Firemen's Retirement System (KP&F) pension presumption (KSA 74-4952) covered elsewhere in this dataset.",NA,https://www.iaff.org/presumptive-health/ks/,2026-08-07
KS,Kansas,cardiovascular,heart disease,firefighter,pension,TRUE,TRUE,5,NA,NA,NA,NA,NA,NA,K.S.A. 74-4952,https://ksrevisor.gov/statutes/chapters/ch74/074_049_0052.html,"NOTE: This benefit runs through the Kansas Police and Firemen's Retirement System (KP&F / KPERS pension track), not the workers' compensation system. The presumption applies to disability retirement claims, not WC claims. Presumption applies after 5 years of credited service. If member ceased being a contributing member due to service-connected disability for 6+ months and then rejoined, the presumption for heart/lung/cancer does not apply again until re-contributing for 2 years or clear evidence of duty-connection. Presumption is part of pension/retirement system (KPERS), not standalone WC statute. Burden shifts to member or other party once employer presents contrary evidence.",NA,https://www.iaff.org/presumptive-health/ks/,2026-05-23
KS,Kansas,cardiovascular,"Coronary or coronary artery disease; cerebrovascular injury (modified WC causation standard, not a presumption)",law_enforcement,statute,FALSE,NA,NA,NA,NA,NA,NA,NA,NA,KSA 44-501(c)(2),https://ksrevisor.gov/statutes/chapters/ch44/044_005_0001.html,"This is not a rebuttable presumption -- it's a modified workers' compensation causation standard. To qualify, the claim must show (1) a specific identifiable work event, (2) that the cardiac or cerebrovascular event occurred within 24 hours of that event, and (3) that the event was the ""prevailing factor"" in causing it. The burden of proof never shifts to the employer. This standard was enacted in 2014 (L. 2014, ch. 25, § 1), applies to events on or after July 1, 2014, and was amended in 2024 (L. 2024, ch. 27, § 2). It exists separately from, and in addition to, the Kansas Police and Firemen's Retirement System (KP&F) pension presumption (KSA 74-4952) covered elsewhere in this dataset.",NA,https://www.iaff.org/presumptive-health/ks/,2026-08-07
KS,Kansas,cardiovascular,heart disease,law_enforcement,pension,TRUE,TRUE,5,NA,NA,NA,NA,NA,NA,K.S.A. 74-4952,https://ksrevisor.gov/statutes/chapters/ch74/074_049_0052.html,"NOTE: This benefit runs through the Kansas Police and Firemen's Retirement System (KP&F / KPERS pension track), not the workers' compensation system. The presumption applies to disability retirement claims, not WC claims. Same statute covers 'policeman or fire fighter.' Presumption applies after 5 years of credited service. Re-entry restriction after service-connected disability gap of 6+ months (must re-contribute 2 years before presumption re-activates). Part of KPERS pension system.",NA,https://www.iaff.org/presumptive-health/ks/,2026-05-23
KS,Kansas,respiratory,disease of the lung or respiratory tract,firefighter,pension,TRUE,TRUE,5,NA,NA,NA,NA,NA,NA,K.S.A. 74-4952,https://ksrevisor.gov/statutes/chapters/ch74/074_049_0052.html,"NOTE: This benefit runs through the Kansas Police and Firemen's Retirement System (KP&F / KPERS pension track), not the workers' compensation system. The presumption applies to disability retirement claims, not WC claims. Presumption applies after 5 years of credited service. Same re-entry restriction as cardiovascular row. Part of KPERS pension system.",NA,https://www.iaff.org/presumptive-health/ks/,2026-05-23
KS,Kansas,respiratory,disease of the lung or respiratory tract,law_enforcement,pension,TRUE,TRUE,5,NA,NA,NA,NA,NA,NA,K.S.A. 74-4952,https://ksrevisor.gov/statutes/chapters/ch74/074_049_0052.html,"NOTE: This benefit runs through the Kansas Police and Firemen's Retirement System (KP&F / KPERS pension track), not the workers' compensation system. The presumption applies to disability retirement claims, not WC claims. Same statute covers 'policeman or fire fighter.' Presumption applies after 5 years of credited service. Part of KPERS pension system.",NA,https://www.iaff.org/presumptive-health/ks/,2026-05-23
KS,Kansas,infectious,"bloodborne pathogens (as defined by K.A.R. 28-71 regulations cross-referenced in KSA 65-128, including HIV, hepatitis B, hepatitis C, and other pathogens transmitted through blood or body fluids)",firefighter,pension,TRUE,TRUE,5,NA,NA,NA,NA,NA,NA,"K.S.A. 74-4952 (as amended by L. 2019, ch. 50 / HB 2031)",https://ksrevisor.gov/statutes/chapters/ch74/074_049_0052.html,"NOTE: This benefit runs through the Kansas Police and Firemen's Retirement System (KP&F / KPERS pension track), not the workers' compensation system. HB 2031 (L. 2019, ch. 50) added bloodborne pathogens to K.S.A. 74-4952 effective July 1, 2019. Pathogen definition references K.A.R. 28-71 bloodborne pathogen regulations. Requires 5+ years of credited KPERS service. Rebuttable by preponderance of evidence.",NA,https://www.iaff.org/presumptive-health/ks/,2026-06-04
KS,Kansas,infectious,"bloodborne pathogens (as defined by K.A.R. 28-71 regulations cross-referenced in KSA 65-128, including HIV, hepatitis B, hepatitis C, and other pathogens transmitted through blood or body fluids)",law_enforcement,pension,TRUE,TRUE,5,NA,NA,NA,NA,NA,NA,"K.S.A. 74-4952 (as amended by L. 2019, ch. 50 / HB 2031)",https://ksrevisor.gov/statutes/chapters/ch74/074_049_0052.html,"NOTE: This benefit runs through the Kansas Police and Firemen's Retirement System (KP&F / KPERS pension track), not the workers' compensation system. Same statute covers 'policeman or fire fighter' (K.S.A. 74-4952). HB 2031 (L. 2019, ch. 50) added bloodborne pathogens effective July 1, 2019. Requires 5+ years of credited KPERS service.",NA,https://www.iaff.org/presumptive-health/ks/,2026-06-04
KY,Kentucky,cancer,"bladder cancer, brain cancer, colon cancer, non-Hodgkin's lymphoma, kidney cancer, liver cancer, lymphatic or haematopoietic cancer, prostate cancer, testicular cancer, skin cancer, cervical cancer, breast cancer",firefighter,lodd_only,TRUE,NA,5,NA,120,NA,FALSE,Cancer must develop and cause death within 10 years of separation from service,TRUE,KRS 61.315 (formerly .316–.315),https://apps.legislature.ky.gov/law/statutes/statute.aspx?id=50252,CRITICAL: This provision creates a line-of-duty DEATH BENEFIT presumption only — the statute explicitly states it does NOT create a WC presumption under KRS Chapter 342 and shall not be construed to do so. Conditions: firefighter for at least 5 consecutive years; cancer-related death within 10 years of separation; no tobacco use for 10 years prior to diagnosis; under age 65 at time of death; no pre-employment cancer diagnosis; exposed to IARC or NTP recognized carcinogen reasonably associated with the cancer. Rebuttability not explicitly stated for this benefit.,NA,https://www.iaff.org/presumptive-health/ky/,2026-05-23
KY,Kentucky,mental,post-traumatic stress injury / post-traumatic stress disorder,firefighter,statute,TRUE,NA,NA,NA,NA,NA,NA,NA,NA,KRS 95A.220(5); 739 KAR 2:160 (implementing regulation),https://apps.legislature.ky.gov/law/statutes/statute.aspx?id=54186,"Covers full-time, career, and volunteer firefighters. Diagnosis must be made by a psychiatrist, psychologist, or licensed professional counselor (KRS 335.500-335.599), and the PTSD must be caused by an event or accumulation of events occurring in the course and scope of employment. The governing authority is KRS 95A.220(5) (created in 2021, amended in 2023) plus implementing regulation 739 KAR 2:160 (effective October 1, 2024). Current law imposes no time limit on the benefit itself -- only a $50,000 lifetime dollar cap under 739 KAR 2:160. This is a mental health treatment reimbursement program run through the Kentucky Fire Commission, not a traditional workers' compensation presumption. Stress injuries arising solely from a personnel action (transfer, promotion, termination) are not compensable.",NA,https://www.iaff.org/presumptive-health/ky/,2026-05-23
KY,Kentucky,mental,post-traumatic stress injury / post-traumatic stress disorder,firefighter_volunteer,statute,TRUE,NA,NA,NA,NA,NA,NA,NA,NA,KRS 95A.220(5); 739 KAR 2:160 (implementing regulation),https://apps.legislature.ky.gov/law/statutes/statute.aspx?id=54186,"Explicitly covers volunteer firefighters. Same diagnosis and reimbursement structure as career firefighters. Mental health treatment reimbursement program through the Kentucky Fire Commission, not a WC compensability presumption. CORRECTED: no time limit on the benefit itself -- only a $50,000 lifetime dollar cap (739 KAR 2:160). The regulation carries a 7-year sunset (expires Oct. 1, 2031 unless readopted).","739 KAR 2:160's implementing regulation carries a 7-year sunset (expires October 1, 2031 unless readopted) -- worth monitoring ahead of the 2030-2031 legislative sessions, not an immediate concern",https://www.iaff.org/presumptive-health/ky/,2026-05-23
LA,Louisiana,cancer,"bladder, brain, colon, liver, pancreas, skin, kidney, gastrointestinal or reproductive tract cancers, leukemia, lymphoma, multiple myeloma, prostate cancer, testicular cancer, and any other cancer with statistically significant increased occupational risk",firefighter,statute,TRUE,TRUE,10,NA,60,"3 months per full year of service, max 60 months (pre-2023 termination); 120 months for qualifying long-service members (post-2023)",FALSE,"For firefighters terminating on or after Jan 1, 2023: 120-month post-termination window applies only to: (a) 10+ years service attaining age 55; (b) 20+ years service attaining age 50; (c) 25+ years service any age; (d) 10+ years service approved for disability retirement. Diagnosis must be prior to age 65 for post-2023 terminations.",NA,La. R.S. 33:2011,https://www.legis.la.gov/Legis/Law.aspx?d=89498,"Covers firefighters in classified service with 10+ years. Cancer limited to types caused by heat, smoke, radiation, or IARC-recognized known/suspected carcinogens. Two-tier post-termination window: pre-2023 terminations get 3 months/year up to 60 months; post-2023 terminations get 120 months for qualifying members (long service + age criteria). Age 65 cap on diagnosis for post-2023 terminations.",NA,https://www.iaff.org/presumptive-health/la/,2026-05-23
LA,Louisiana,cardiovascular,disease or infirmity of the heart,firefighter,statute,TRUE,TRUE,5,NA,NA,NA,FALSE,NA,NA,La. R.S. 33:2581,https://www.legis.la.gov/Legis/Law.aspx?d=89726,Covers classified fire service. Presumption is prima facie for disease/infirmity manifested any time after the first 5 years of employment. No explicit post-termination window stated. Member need not be on duty when stricken. Statute is separate from and does not affect R.S. 33:2011 (cancer) provisions.,NA,https://www.iaff.org/presumptive-health/la/,2026-05-23
LA,Louisiana,respiratory,disease or infirmity of the lungs,firefighter,statute,TRUE,TRUE,5,NA,NA,NA,FALSE,NA,NA,La. R.S. 33:2581,https://www.legis.la.gov/Legis/Law.aspx?d=89726,Same statute as cardiovascular row (R.S. 33:2581). Covers lung disease alongside heart disease in classified fire service. Presumption is prima facie after 5 years of employment. No explicit post-termination window stated.,NA,https://www.iaff.org/presumptive-health/la/,2026-05-23
LA,Louisiana,infectious,"Hepatitis B, Hepatitis C",firefighter,statute,TRUE,TRUE,2,NA,60,"3 months per full year of service, max 60 months",FALSE,Post-termination window commences with last actual date of service,NA,La. R.S. 33:1948,https://www.legis.la.gov/Legis/Law.aspx?d=89450,"Covers firefighters in classified service with 2+ years of service. Rebuttable by: (1) evidence meeting judicial standards, or (2) evidence that within 1 year of diagnosis member unlawfully used IV controlled substances, or lived in intimate relationship with a person diagnosed with Hep B or C.",NA,https://www.iaff.org/presumptive-health/la/,2026-05-23
LA,Louisiana,infectious,"Hepatitis B, Hepatitis C",law_enforcement,statute,TRUE,TRUE,2,NA,60,"3 months per full year of service, max 60 months",FALSE,Post-termination window commences with last actual date of service,NA,La. R.S. 33:1948,https://www.legis.la.gov/Legis/Law.aspx?d=89450,Explicitly covers 'policeman in the classified service' with 2+ years of service alongside firefighters. Same rebuttability conditions as firefighter row.,NA,https://www.iaff.org/presumptive-health/la/,2026-05-23
LA,Louisiana,mental,post-traumatic stress injury / post-traumatic stress disorder,firefighter,statute,TRUE,TRUE,NA,NA,NA,NA,FALSE,NA,NA,La. R.S. 33:2581.2,https://www.legis.la.gov/Legis/Law.aspx?d=1148857,Covers 'fire employee' (full-time regularly paid fire department employment) and volunteer firemen. Diagnosis must be by psychiatrist or psychologist. PTSI may be diagnosed during or after employment. Prima facie presumption of service-connection. Personnel action exclusion applies. Does not modify pension/retirement eligibility calculations.,NA,https://www.iaff.org/presumptive-health/la/,2026-05-23
LA,Louisiana,mental,post-traumatic stress injury / post-traumatic stress disorder,firefighter_volunteer,statute,TRUE,TRUE,NA,NA,NA,NA,FALSE,NA,NA,La. R.S. 23:1036.1,https://www.legis.la.gov/legis/Law.aspx?d=1148073,"Covers volunteer members of fire companies under WC coverage per R.S. 23:1036. Diagnosis must be by psychiatrist or psychologist. PTSI may be diagnosed during or after volunteer service. Prima facie presumption of service-connection. Personnel action exclusion (transfer, promotion, demotion, termination not compensable).",NA,https://www.iaff.org/presumptive-health/la/,2026-05-23
LA,Louisiana,mental,post-traumatic stress injury / post-traumatic stress disorder,emt_paramedic,statute,TRUE,TRUE,NA,NA,NA,NA,FALSE,NA,NA,La. R.S. 33:2581.2,https://www.legis.la.gov/Legis/Law.aspx?d=1148857,Explicitly covers 'emergency medical services personnel' as defined in R.S. 40:1075.3 employed pursuant to this Chapter. Same prima facie presumption structure as firefighters. Diagnosis during or after employment. Personnel action exclusion applies.,NA,https://www.iaff.org/presumptive-health/la/,2026-05-23
LA,Louisiana,mental,post-traumatic stress injury / post-traumatic stress disorder,law_enforcement,statute,TRUE,TRUE,NA,NA,NA,NA,FALSE,NA,NA,La. R.S. 33:2581.2,https://www.legis.la.gov/Legis/Law.aspx?d=1148857,Explicitly covers 'employee of a police department' as defined in R.S. 33:2211. Same prima facie presumption structure. Diagnosis during or after employment. Personnel action exclusion applies.,NA,https://www.iaff.org/presumptive-health/la/,2026-05-23
LA,Louisiana,mental,post-traumatic stress injury / post-traumatic stress disorder,law_enforcement,statute,TRUE,TRUE,NA,NA,NA,NA,FALSE,NA,NA,La. R.S. 40:1374,https://www.legis.la.gov/legis/Law.aspx?d=97443,Covers employees of the Louisiana Division of State Police (separate statute from R.S. 33:2581.2 which covers municipal police). Diagnosis by psychiatrist or psychologist. PTSI may be diagnosed during or after employment. Prima facie presumption for WC purposes. Personnel action exclusion applies. Does not modify pension/retirement eligibility.,NA,https://www.iaff.org/presumptive-health/la/,2026-05-23
LA,Louisiana,other,hearing loss (10% greater than comparable age group in general population),firefighter,statute,TRUE,TRUE,5,TRUE,24,NA,FALSE,Post-termination coverage extends 24 months from termination,NA,La. R.S. 33:2581.1,https://www.legis.la.gov/Legis/Law.aspx?d=410603,"Covers classified fire service. Hearing loss must be 10% greater than the affected employee's comparable age group in the general population. Entitlement is to medical benefits (including hearing prosthesis) only — not full disability benefits. Baseline audiology exam required for new hires on or after July 1, 2006 (within 1 year of appointment). Presumption applies after 5 years of service. 24-month post-termination window.",NA,https://www.iaff.org/presumptive-health/la/,2026-05-23
MA,Massachusetts,cancer,"cancer affecting skin or central nervous, lymphatic, digestive, hematological, urinary, skeletal, oral, prostate, BREAST, or REPRODUCTIVE systems, lung or respiratory tract; any cancer linked to heat, radiation, or IARC-listed carcinogen with statistically significant correlation to fire service",firefighter,statute,TRUE,TRUE,5,TRUE,60,NA,FALSE,Any person first discovering such condition within 5 years of the last date on which such person actively served is eligible to apply.,NA,"Massachusetts General Laws Chapter 32, Section 94B",https://malegislature.gov/Laws/GeneralLaws/PartI/TitleIV/Chapter32/Section94B,"Covers uniformed members of paid fire departments, members of state police assigned to the fire investigation unit of the Department of Fire Services, state police K-9 unit members, and Logan Airport crash crewmen/boatmen/fire controlmen. Must result in total disability or death. Requires: (1) 5 years minimum service; (2) the cancer type must be one that may result from heat, radiation, or an IARC-listed carcinogen; (3) the member must have regularly responded to fire calls or investigations at the scene. A pre-employment or subsequent exam must not have revealed the condition. Post-termination window: discovery within 5 years of the last active service date. Rebuttable by a preponderance of evidence of non-service-connected risk factors or hazards. Breast and reproductive-organ cancers were added to the covered list by Chapter 148 of the Acts of 2018 (approved July 20, 2018), which also extended this presumption by cross-reference into G.L. c. 41, § 111F (paid injury leave).",NA,https://www.iaff.org/presumptive-health/ma/,2026-05-23
MA,Massachusetts,cardiovascular,"hypertension, heart disease",firefighter,statute,TRUE,TRUE,NA,TRUE,NA,NA,NA,NA,NA,"Massachusetts General Laws Chapter 32, Section 94",https://malegislature.gov/Laws/GeneralLaws/PartI/TitleIV/Chapter32/Section94,"Covers uniformed members of paid fire departments, including permanent crash crewmen, crash boatmen, fire controlmen, and assistant fire controlmen at Logan International Airport. Pre-employment or subsequent physical exam must have failed to reveal any evidence of the condition. Presumption rebuttable by competent evidence.",NA,https://www.iaff.org/presumptive-health/ma/,2026-05-23
MA,Massachusetts,cardiovascular,"hypertension, heart disease",law_enforcement,statute,TRUE,TRUE,NA,TRUE,NA,NA,NA,NA,NA,"Massachusetts General Laws Chapter 32, Section 94",https://malegislature.gov/Laws/GeneralLaws/PartI/TitleIV/Chapter32/Section94,"Covers permanent members of police departments (including park police), MBTA police force, state police, and public works building police. Pre-employment or subsequent physical exam must have failed to reveal any evidence of the condition. Presumption rebuttable by competent evidence.",NA,https://www.iaff.org/presumptive-health/ma/,2026-05-23
MA,Massachusetts,cardiovascular,"hypertension, heart disease",corrections,statute,TRUE,TRUE,NA,TRUE,NA,NA,NA,NA,NA,"Massachusetts General Laws Chapter 32, Section 94",https://malegislature.gov/Laws/GeneralLaws/PartI/TitleIV/Chapter32/Section94,"Covers employees in the Department of Correction or county correctional facility whose regular or incidental duties require care, supervision, or custody of prisoners, criminally insane persons, or defective delinquents. Pre-employment or subsequent physical exam must have failed to reveal any evidence of the condition. Presumption rebuttable by competent evidence.",NA,https://www.iaff.org/presumptive-health/ma/,2026-05-23
MA,Massachusetts,respiratory,disease of the lungs or respiratory tract,firefighter,statute,TRUE,TRUE,NA,TRUE,NA,NA,NA,NA,NA,"Massachusetts General Laws Chapter 32, Section 94A",https://malegislature.gov/Laws/GeneralLaws/PartI/TitleIV/Chapter32/Section94A,"Covers uniformed members of paid fire departments, including crash crewmen, crash boatmen, fire controlmen, and assistant fire controlmen at Logan International Airport. Must result in total disability or death. Presumed to result from inhalation of noxious fumes or poisonous gases. Pre-employment or subsequent physical exam must have failed to reveal any evidence of such condition. Rebuttable by competent evidence.",NA,https://www.iaff.org/presumptive-health/ma/,2026-05-23
MD,Maryland,cancer,"Preventive cancer screening (bladder, breast, cervical, colorectal, lung, oral, prostate, skin, testicular, thyroid) -- NOT a compensation presumption",firefighter,employer_benefit,TRUE,NA,NA,NA,NA,NA,NA,NA,NA,"Md. Code, Local Government § 9-114 (James ""Jimmy"" Malone Act, SB 374/HB 459, Ch. 656, 2025)",https://mgaleg.maryland.gov/mgawebsite/Legislation/Details/sb0374?ys=2025RS,"NOTE: this is a no-cost preventive cancer SCREENING insurance mandate, NOT a workers' compensation presumption -- structurally distinct from, and codified separately from, the § 9-503(c) cancer compensation presumption. Requires counties that operate self-insured health benefit plans to provide no-cost (no copay/coinsurance/deductible) preventive cancer screening to CAREER/PAID firefighters only -- volunteers are explicitly excluded from the statutory mandate (though Howard County voluntarily extends the benefit to volunteers). Counties must report screening data annually to the Maryland Health Care Commission through 2028. Signed by Gov. Wes Moore May 20, 2025 (47-0 Senate, 132-0 House); eff. Jan. 1, 2026. Named for former Delegate James ""Jimmy"" Malone, who died of brain cancer in December 2024. CORRECTION (2026-08-07 research): a prior citation of ""Ins. § 15-861"" (Insurance Article) for this act was checked directly and found to be an unrelated pediatric-hospital-transfer provision -- the correct citation is Local Government Article § 9-114, confirmed via the bill's own legislative history page. Entirely missing from the prior JSON.",NA,https://www.iaff.org/presumptive-health/md/,2026-08-07
MD,Maryland,cancer,"leukemia, prostate, rectal, throat, multiple myeloma, non-Hodgkin's lymphoma, brain, testicular, bladder, kidney/renal cell, thyroid, colon, ovarian, breast cancer",firefighter,statute,TRUE,NA,10,NA,NA,NA,NA,NA,NA,"Maryland Code, Labor and Employment § 9-503(c)",https://mgaleg.maryland.gov/2026RS/Statute_Web/gle/9-503.pdf,"Requires: (1) cancer caused by contact with toxic substance encountered in the line of duty; (2) at least 10 years of service as firefighter, fire fighting instructor, rescue squad member, or advanced life support unit member; (3) unable to perform normal duties due to cancer. Covers paid firefighters, paid fire fighting instructors, and sworn members of Office of State Fire Marshal.",NA,https://www.iaff.org/presumptive-health/md/,2026-05-23
MD,Maryland,cancer,"leukemia, prostate, rectal, throat, multiple myeloma, non-Hodgkin's lymphoma, brain, testicular, bladder, kidney/renal cell, thyroid, colon, ovarian, breast cancer",firefighter_volunteer,statute,TRUE,NA,10,TRUE,NA,NA,NA,NA,NA,"Maryland Code, Labor and Employment § 9-503(c)",https://mgaleg.maryland.gov/2026RS/Statute_Web/gle/9-503.pdf,"Covers volunteer firefighters, volunteer fire fighting instructors, volunteer rescue squad members, and volunteer advanced life support unit members who are covered employees under § 9-234. Pre-employment physical exam required. Requires 10 years of service; cancer must be caused by toxic substance in line of duty; must be unable to perform normal duties.",NA,https://www.iaff.org/presumptive-health/md/,2026-05-23
MD,Maryland,cardiovascular,"heart disease, hypertension",firefighter,statute,TRUE,NA,NA,NA,NA,NA,NA,NA,NA,"Maryland Code, Labor and Employment § 9-503(a)",https://mgaleg.maryland.gov/2026RS/Statute_Web/gle/9-503.pdf,"Covers paid firefighters, paid fire fighting instructors, sworn members of Office of State Fire Marshal employed by airport authority, county, fire control district, municipality, or State. Hypertension sub-provision (§9-503(a)(2)) requires: hypertension diagnosis by authorized provider, medication prescribed for at least 90 consecutive days, at least 2 years cumulative service, and currently employed at time of claim — effective October 1, 2026.",NA,https://www.iaff.org/presumptive-health/md/,2026-05-23
MD,Maryland,cardiovascular,"heart disease, hypertension",firefighter_volunteer,statute,TRUE,NA,NA,TRUE,NA,NA,NA,NA,NA,"Maryland Code, Labor and Employment § 9-503(a)",https://mgaleg.maryland.gov/2026RS/Statute_Web/gle/9-503.pdf,"Covers volunteer firefighters, volunteer fire fighting instructors, volunteer rescue squad members, and volunteer advanced life support unit members who are covered employees under § 9-234. Pre-employment physical exam required. Hypertension expanded provision (§9-503(a)(2)) applies only to paid members.",NA,https://www.iaff.org/presumptive-health/md/,2026-05-23
MD,Maryland,cardiovascular,"heart disease, hypertension",emt_paramedic,statute,TRUE,NA,NA,NA,NA,NA,NA,NA,NA,"Maryland Code, Labor and Employment § 9-503(a)",https://mgaleg.maryland.gov/2026RS/Statute_Web/gle/9-503.pdf,"Covers paid rescue squad members and paid advanced life support unit members. Hypertension sub-provision (§9-503(a)(2)) requires: diagnosis by authorized provider, medication for at least 90 consecutive days, at least 2 years cumulative service, and currently employed at time of claim — effective October 1, 2026.",NA,https://www.iaff.org/presumptive-health/md/,2026-05-23
MD,Maryland,cardiovascular,"Heart disease, hypertension",law_enforcement,statute,TRUE,TRUE,NA,FALSE,NA,NA,FALSE,NA,NA,"Maryland Code, Labor and Employment § 9-503(b)",https://mgaleg.maryland.gov/2026RS/Statute_Web/gle/9-503.pdf,"Covers paid police officers statewide and deputy sheriffs of specific counties (Montgomery, Anne Arundel, Baltimore City, Allegany) and correctional officers of Montgomery and Prince George's counties. Heart disease and hypertension are presumed occupationally related; rebuttable by competent evidence. County-specific deputies and corrections officers must also show disability or death and that the condition worsened after employment began. Starting October 1, 2026, Carroll County correctional deputies are added to this presumption group under HB 878/SB 449 (Ch. 341, 2026).",NA,https://www.iaff.org/presumptive-health/md/,2026-06-04
MD,Maryland,respiratory,lung disease,firefighter,statute,TRUE,NA,NA,NA,NA,NA,NA,NA,NA,"Maryland Code, Labor and Employment § 9-503(a)",https://mgaleg.maryland.gov/2026RS/Statute_Web/gle/9-503.pdf,"Covers paid firefighters, paid fire fighting instructors, sworn members of Office of State Fire Marshal employed by airport authority, county, fire control district, municipality, or State.",NA,https://www.iaff.org/presumptive-health/md/,2026-05-23
MD,Maryland,respiratory,lung disease,firefighter_volunteer,statute,TRUE,NA,NA,TRUE,NA,NA,NA,NA,NA,"Maryland Code, Labor and Employment § 9-503(a)",https://mgaleg.maryland.gov/2026RS/Statute_Web/gle/9-503.pdf,Covers volunteer rescue squad members and volunteer advanced life support unit members who are covered employees under § 9-234. Pre-employment physical exam required.,NA,https://www.iaff.org/presumptive-health/md/,2026-05-23
MD,Maryland,respiratory,lung disease,emt_paramedic,statute,TRUE,NA,NA,NA,NA,NA,NA,NA,NA,"Maryland Code, Labor and Employment § 9-503(a)",https://mgaleg.maryland.gov/2026RS/Statute_Web/gle/9-503.pdf,Covers paid rescue squad members and paid advanced life support unit members.,NA,https://www.iaff.org/presumptive-health/md/,2026-05-23
MD,Maryland,infectious,Lyme disease,law_enforcement,statute,TRUE,TRUE,NA,NA,36,"Time-limited to the period assigned to outdoor-wooded duty, plus 3 years after reassignment (M-NCPPC park police only)",NA,NA,NA,"Maryland Code, Labor and Employment § 9-503(d)",https://mgaleg.maryland.gov/2026RS/Statute_Web/gle/9-503.pdf,"Originally enacted in 1998 (HB 1287) for Department of Natural Resources law-enforcement personnel working in outdoor, wooded environments. Made permanent and extended to Maryland-National Capital Park and Planning Commission (M-NCPPC) park police by HB 977 (Ch. 629, 2014), with coverage limited to the period an officer is assigned to outdoor/wooded duty plus 3 years after reassignment. Explicitly extended to cover forest rangers, park rangers, and wildlife rangers by HB 584 (Ch. 13, the ""CAPES Act,"" 2024), alongside the existing DNR law-enforcement and M-NCPPC park police coverage.",NA,https://www.iaff.org/presumptive-health/md/,2026-08-07
ME,Maine,cancer,"kidney cancer, non-Hodgkin's lymphoma, colon cancer, leukemia, brain cancer, bladder cancer, multiple myeloma, prostate cancer, testicular cancer, breast cancer, gynecologic cancer",firefighter,statute,TRUE,TRUE,5,TRUE,120,NA,FALSE,"Diagnosis must be within 10 years of last active employment as firefighter OR prior to attaining age 70, whichever occurs first",NA,"Me. Rev. Stat. Title 39-A, Sec. 328-B",https://www.mainelegislature.org/legis/statutes/39-A/title39-Asec328-B.html,Covers municipal fire department members and volunteer fire association members (via 'employed' definition that includes volunteer members with no compensation other than injury/death benefits). Minimum 5 years employment; must have regularly responded to firefighting or emergency calls (exception for State Fire Marshal investigators/sergeants and forest protection employees). Pre-employment test required (must test negative for cancer). Firefighter must sign affidavit that cancer is not prevalent in blood-related family and no substantial lifetime carcinogen exposure other than through firefighting. State Fire Marshal investigators/sergeants must certify use of protective equipment per departmental policies.,NA,https://www.iaff.org/presumptive-health/me/,2026-05-23
ME,Maine,cancer,"kidney cancer, non-Hodgkin's lymphoma, colon cancer, leukemia, brain cancer, bladder cancer, multiple myeloma, prostate cancer, testicular cancer, breast cancer, gynecologic cancer",firefighter_volunteer,statute,TRUE,TRUE,5,TRUE,120,NA,FALSE,"Diagnosis must be within 10 years of last active employment as firefighter OR prior to attaining age 70, whichever occurs first",NA,"Me. Rev. Stat. Title 39-A, Sec. 328-B",https://www.mainelegislature.org/legis/statutes/39-A/title39-Asec328-B.html,"'Employed' definition in Sec. 328-B explicitly includes volunteer fire association members with no compensation other than injury/death benefits. Same 5-year service, pre-employment test, affidavit, and post-termination window requirements.",NA,https://www.iaff.org/presumptive-health/me/,2026-05-23
ME,Maine,cardiovascular,cardiovascular injury or disease,firefighter,statute,TRUE,TRUE,2,NA,NA,NA,TRUE,"Disease must develop or injury must occur within 6 months of participating in fire fighting, or training/drill that actually involves fire fighting",NA,"Me. Rev. Stat. Title 39-A, Sec. 328",https://www.mainelegislature.org/legis/statutes/39-A/title39-Asec328.html,Covers active members of municipal fire departments AND volunteer firefighters associations. Firefighter defined broadly to include administrative/other duty members who aid in fire extinguishment. 2-year membership minimum required. Temporal trigger: disease/injury within 6 months of actual firefighting or firefighting training/drill.,NA,https://www.iaff.org/presumptive-health/me/,2026-05-23
ME,Maine,cardiovascular,cardiovascular injury or disease,firefighter_volunteer,statute,TRUE,TRUE,2,NA,NA,NA,TRUE,"Disease must develop or injury must occur within 6 months of participating in fire fighting, or training/drill that actually involves fire fighting",NA,"Me. Rev. Stat. Title 39-A, Sec. 328",https://www.mainelegislature.org/legis/statutes/39-A/title39-Asec328.html,Volunteer firefighters association members explicitly included in 'firefighter' definition under Sec. 328. Same 2-year membership and 6-month temporal trigger requirements.,NA,https://www.iaff.org/presumptive-health/me/,2026-05-23
ME,Maine,cardiovascular,Cardiovascular injury or disease,law_enforcement,statute,TRUE,TRUE,2,FALSE,NA,NA,FALSE,NA,NA,"Me. Rev. Stat. Title 39-A, § 328-D",https://www.mainelegislature.org/legis/statutes/39-A/title39-Asec328-D.html,"39-A M.R.S.A. § 328-D (PL 2023, c. 445). Covers active law enforcement officers holding current, valid certification from the Board of Trustees of the Maine Criminal Justice Academy. Requires a minimum of 2 years of tenure. The condition must have developed, or the injury occurred, within 6 months of law enforcement activities or training/drills. Rebuttable by a preponderance of the evidence.",NA,https://www.iaff.org/presumptive-health/me/,2026-06-04
ME,Maine,respiratory,pulmonary disease,firefighter,statute,TRUE,TRUE,2,NA,NA,NA,TRUE,"Disease must develop or injury must occur within 6 months of participating in fire fighting, or training/drill that actually involves fire fighting",NA,"Me. Rev. Stat. Title 39-A, Sec. 328",https://www.mainelegislature.org/legis/statutes/39-A/title39-Asec328.html,Same statute as cardiovascular row (Sec. 328). Pulmonary disease covered alongside cardiovascular. Same 2-year minimum and 6-month firefighting-activity trigger.,NA,https://www.iaff.org/presumptive-health/me/,2026-05-23
ME,Maine,respiratory,pulmonary disease,firefighter_volunteer,statute,TRUE,TRUE,2,NA,NA,NA,TRUE,"Disease must develop or injury must occur within 6 months of participating in fire fighting, or training/drill that actually involves fire fighting",NA,"Me. Rev. Stat. Title 39-A, Sec. 328",https://www.mainelegislature.org/legis/statutes/39-A/title39-Asec328.html,Volunteer firefighters association members explicitly included. Same conditions as career firefighter row.,NA,https://www.iaff.org/presumptive-health/me/,2026-05-23
ME,Maine,respiratory,Pulmonary disease,law_enforcement,statute,TRUE,TRUE,2,FALSE,NA,NA,FALSE,NA,NA,"Me. Rev. Stat. Title 39-A, § 328-D",https://www.mainelegislature.org/legis/statutes/39-A/title39-Asec328-D.html,"39-A M.R.S.A. § 328-D (PL 2023, c. 445). Covers active law enforcement officers holding current, valid certification from the Board of Trustees of the Maine Criminal Justice Academy. Requires a minimum of 2 years of tenure. The condition must have developed, or the injury occurred, within 6 months of law enforcement activities or training/drills. Rebuttable by a preponderance of the evidence.",NA,https://www.iaff.org/presumptive-health/me/,2026-06-04
ME,Maine,infectious,"hepatitis (A, B, C, or any generally recognized strain), meningococcal meningitis, tuberculosis",firefighter,statute,TRUE,TRUE,NA,TRUE,NA,NA,NA,NA,NA,"Me. Rev. Stat. Title 39-A, Sec. 328-A",https://www.mainelegislature.org/legis/statutes/39-A/title39-Asec328-A.html,"Covers 'emergency rescue or public safety workers' with high risk of occupational exposure. Firefighter defined as active member of municipal fire department or volunteer fire association. Pre-employment physical required (if employer requires it) — must test negative for hepatitis/TB. Worker must sign affidavit declaring no outside exposure sources, no transfusions, no high-risk sexual behavior, no IV drug use. Preemployment test exemption for workers employed on the effective date of the section. Multi-employer rule: last employer of injurious exposure is liable. Presumption explicitly applies for disability retirement purposes.",NA,https://www.iaff.org/presumptive-health/me/,2026-05-23
ME,Maine,infectious,"hepatitis (A, B, C, or any generally recognized strain), meningococcal meningitis, tuberculosis",firefighter_volunteer,statute,TRUE,TRUE,NA,TRUE,NA,NA,NA,NA,NA,"Me. Rev. Stat. Title 39-A, Sec. 328-A",https://www.mainelegislature.org/legis/statutes/39-A/title39-Asec328-A.html,"Volunteer fire association members explicitly included in firefighter definition under Sec. 328-A. Employer includes entities for which person provides volunteer services. Same affidavit, pre-employment testing, and immunization requirements.",NA,https://www.iaff.org/presumptive-health/me/,2026-05-23
ME,Maine,infectious,"hepatitis (A, B, C, or any generally recognized strain), meningococcal meningitis, tuberculosis",emt_paramedic,statute,TRUE,TRUE,NA,TRUE,NA,NA,NA,NA,NA,"Me. Rev. Stat. Title 39-A, Sec. 328-A",https://www.mainelegislature.org/legis/statutes/39-A/title39-Asec328-A.html,"EMS person defined as licensed under Title 32, ch. 2-B, employed by or providing voluntary service to a licensed ambulance service or nontransporting EMS. Must run high risk of occupational exposure. Same affidavit, pre-employment testing, and immunization conditions.",NA,https://www.iaff.org/presumptive-health/me/,2026-05-23
ME,Maine,infectious,"hepatitis (A, B, C, or any generally recognized strain), meningococcal meningitis, tuberculosis",law_enforcement,statute,TRUE,TRUE,NA,TRUE,NA,NA,NA,NA,NA,"Me. Rev. Stat. Title 39-A, Sec. 328-A",https://www.mainelegislature.org/legis/statutes/39-A/title39-Asec328-A.html,"Law enforcement officer as defined in Title 25, sec. 2801-A, sub. 5. Must run high risk of occupational exposure. Same affidavit, pre-employment testing, and immunization conditions.",NA,https://www.iaff.org/presumptive-health/me/,2026-05-23
ME,Maine,infectious,"hepatitis (A, B, C, or any generally recognized strain), meningococcal meningitis, tuberculosis",corrections,statute,TRUE,TRUE,NA,TRUE,NA,NA,NA,NA,NA,"Me. Rev. Stat. Title 39-A, Sec. 328-A",https://www.mainelegislature.org/legis/statutes/39-A/title39-Asec328-A.html,"Corrections officer as defined in Title 25, sec. 2801-A, sub. 2. Must run high risk of occupational exposure through custody/restraint duties. Same affidavit, pre-employment testing, and immunization conditions.",NA,https://www.iaff.org/presumptive-health/me/,2026-05-23
ME,Maine,mental,post-traumatic stress disorder,firefighter,statute,TRUE,TRUE,NA,NA,NA,NA,NA,NA,NA,"Me. Rev. Stat. Title 39-A, Sec. 201(3-A)",https://www.mainelegislature.org/legis/statutes/39-A/title39-Asec201.html,"Rebuttable by clear and convincing evidence. Diagnosis must be by allopathic or osteopathic physician (Title 32, ch. 48 or 36) with psychiatry specialization, or licensed psychologist (Title 32, ch. 56). Personnel action exclusion: PTSD not compensable if resulting from disciplinary action, work evaluation, job transfer, layoff, demotion, termination, or similar good-faith employer action. Firefighter defined as in Sec. 328-A.",NA,https://www.iaff.org/presumptive-health/me/,2026-05-23
ME,Maine,mental,post-traumatic stress disorder,emt_paramedic,statute,TRUE,TRUE,NA,NA,NA,NA,NA,NA,NA,"Me. Rev. Stat. Title 39-A, Sec. 201(3-A)",https://www.mainelegislature.org/legis/statutes/39-A/title39-Asec201.html,Emergency medical services worker as defined in Sec. 328-A. Same diagnosis and rebuttability requirements. Personnel action exclusion applies.,NA,https://www.iaff.org/presumptive-health/me/,2026-05-23
ME,Maine,mental,post-traumatic stress disorder,law_enforcement,statute,TRUE,TRUE,NA,NA,NA,NA,NA,NA,NA,"Me. Rev. Stat. Title 39-A, Sec. 201(3-A)",https://www.mainelegislature.org/legis/statutes/39-A/title39-Asec201.html,"Law enforcement officer as defined in Sec. 328-A (Title 25, sec. 2801-A). Same diagnosis and rebuttability requirements. Personnel action exclusion applies.",NA,https://www.iaff.org/presumptive-health/me/,2026-05-23
ME,Maine,mental,post-traumatic stress disorder,corrections,statute,TRUE,TRUE,NA,NA,NA,NA,NA,NA,NA,"Me. Rev. Stat. Title 39-A, Sec. 201(3-A)",https://www.mainelegislature.org/legis/statutes/39-A/title39-Asec201.html,"Corrections officer as defined in Sec. 328-A (Title 25, sec. 2801-A). Same diagnosis and rebuttability requirements. Personnel action exclusion applies.",NA,https://www.iaff.org/presumptive-health/me/,2026-05-23
MI,Michigan,cancer,"respiratory tract, bladder, skin, brain, kidney, blood, thyroid, testicular, prostate, lymphatic, ovarian, breast, non-HPV cervical cancer",firefighter,statute,TRUE,TRUE,NA,NA,NA,NA,NA,NA,TRUE,"Michigan Worker's Disability Compensation Act of 1969, Act 317, § 418.405(2)",http://legislature.mi.gov/doc.aspx?mcl-418-405,"Covers full-time fire department members (all service lengths) and, beginning January 1, 2022 for cancers diagnosed on or after January 1, 2022, part-time, paid on-call, and volunteer members. Also covers former members from any of those categories. Requires 60 months (5 years) active service at time of cancer manifestation. Member must have been exposed to hazards incidental to fire suppression, rescue, or EMS duties. Claim is made against the Christopher R. Slezak First Responder Presumed Coverage Fund (not the employer) — employer claim is suspended during fund benefit receipt. Presumption applies only to claims against the Fund. Tobacco rebuttal: rebuttable by scientific evidence that claimant was a substantial and consistent user of tobacco products within 10 years preceding injury and that use was a significant factor in cancer cause/aggravation/progression. Pension application required as condition precedent.",NA,https://www.iaff.org/presumptive-health/mi/,2026-05-23
MI,Michigan,cancer,"respiratory tract, bladder, skin, brain, kidney, blood, thyroid, testicular, prostate, lymphatic, ovarian, breast, non-HPV cervical cancer",firefighter_volunteer,statute,TRUE,TRUE,NA,NA,NA,NA,NA,NA,TRUE,"Michigan Worker's Disability Compensation Act of 1969, Act 317, § 418.405(2)",http://legislature.mi.gov/doc.aspx?mcl-418-405,"Volunteer members (and former volunteer members) eligible for cancer presumption beginning January 1, 2022 for cancers diagnosed on or after January 1, 2022. Requires 60 months (5 years) active service at time of cancer manifestation. Exposure to fire suppression/rescue/EMS hazards required. Claims go against the Christopher R. Slezak First Responder Presumed Coverage Fund; fund is considered employer for volunteer members. Forest fire officers and fire/crash rescue officers also covered for same cancer list. Tobacco rebuttal provision applies. Pension application required as condition precedent.",NA,https://www.iaff.org/presumptive-health/mi/,2026-05-23
MI,Michigan,cardiovascular,"heart disease, illnesses resulting from heart disease",firefighter,statute,TRUE,TRUE,NA,NA,NA,NA,TRUE,NA,NA,"Michigan Worker's Disability Compensation Act of 1969, Act 317, § 418.405(1)",http://legislature.mi.gov/doc.aspx?mcl-418-405,"Covers full-time members of fully paid fire departments (city, township, village, airport county/public authority/state university, or public fire authority). Disease must develop or manifest during active service. Presumption applies in absence of evidence to the contrary (§418.405(3)). As condition precedent, claimant must first apply for pension benefits or demonstrate ineligibility.",NA,https://www.iaff.org/presumptive-health/mi/,2026-05-23
MI,Michigan,cardiovascular,"heart disease, illnesses resulting from heart disease",law_enforcement,statute,TRUE,TRUE,NA,NA,NA,NA,TRUE,NA,NA,"Michigan Worker's Disability Compensation Act of 1969, Act 317, § 418.405(1)",http://legislature.mi.gov/doc.aspx?mcl-418-405,"Covers full-time members of fully paid police departments (city, township, village), county sheriffs and deputies, members of state police, conservation officers, and motor carrier enforcement division officers. Disease must develop or manifest during active service. Presumption applies in absence of evidence to the contrary. Pension application required as condition precedent.",NA,https://www.iaff.org/presumptive-health/mi/,2026-05-23
MI,Michigan,respiratory,"respiratory diseases, illnesses resulting from respiratory diseases",firefighter,statute,TRUE,TRUE,NA,NA,NA,NA,TRUE,NA,NA,"Michigan Worker's Disability Compensation Act of 1969, Act 317, § 418.405(1)",http://legislature.mi.gov/doc.aspx?mcl-418-405,"Covers full-time members of fully paid fire departments (city, township, village, airport county/public authority/state university, or public fire authority). Disease must develop or manifest during active service. Presumption applies in absence of evidence to the contrary (§418.405(3)). As condition precedent, claimant must first apply for pension benefits or demonstrate ineligibility.",NA,https://www.iaff.org/presumptive-health/mi/,2026-05-23
MI,Michigan,respiratory,"respiratory diseases, illnesses resulting from respiratory diseases",law_enforcement,statute,TRUE,TRUE,NA,NA,NA,NA,TRUE,NA,NA,"Michigan Worker's Disability Compensation Act of 1969, Act 317, § 418.405(1)",http://legislature.mi.gov/doc.aspx?mcl-418-405,"Covers full-time members of fully paid police departments, county sheriffs and deputies, state police members, conservation officers, and motor carrier enforcement division officers. Disease must develop or manifest during active service. Presumption applies in absence of evidence to the contrary. Pension application required as condition precedent.",NA,https://www.iaff.org/presumptive-health/mi/,2026-05-23
MN,Minnesota,cancer,"disabling cancer caused by exposure to heat, radiation, or IARC-listed known or suspected carcinogen reasonably linked to the disabling cancer",firefighter,statute,TRUE,NA,NA,TRUE,NA,NA,TRUE,NA,NA,"Minnesota Statutes § 176.011, Subd. 15(c)",https://www.revisor.mn.gov/statutes/cite/176.011,"Covers firefighters on active duty with an organized fire department who are unable to perform duties due to disabling cancer. Cancer type must be caused by exposure to heat, radiation, or IARC-listed carcinogen, and the carcinogen must be reasonably linked to the disabling cancer. Exception: if firefighter entered service after August 1, 1988, and pre-hire exam disclosed existing cancer, presumption does not apply unless subsequent medical determination finds cancer no longer present.",NA,https://www.iaff.org/presumptive-health/mn/,2026-05-23
MN,Minnesota,cardiovascular,"myocarditis, coronary sclerosis",firefighter,statute,TRUE,FALSE,NA,TRUE,NA,NA,TRUE,NA,NA,"Minnesota Statutes § 176.011, Subd. 15(b)",https://www.revisor.mn.gov/statutes/cite/176.011,Covers active duty members of organized fire departments of any municipality. Pre-employment thorough physical examination by licensed physician required; written report must be filed with department; exam must have been negative for the disease at time of employment. Disease must manifest at date of disablement or death while employed on active duty. Statute uses 'presumptively an occupational disease' language with no express rebuttal provision for this subsection — treated as irrebuttable here.,NA,https://www.iaff.org/presumptive-health/mn/,2026-05-23
MN,Minnesota,cardiovascular,"myocarditis, coronary sclerosis",law_enforcement,statute,TRUE,FALSE,NA,TRUE,NA,NA,TRUE,NA,NA,"Minnesota Statutes § 176.011, Subd. 15(b)",https://www.revisor.mn.gov/statutes/cite/176.011,"Covers active duty members of organized police departments of any municipality, Minnesota State Patrol members, conservation officers, state crime bureau members, forest officers (DNR), state correctional officers, and sheriffs/full-time deputy sheriffs. Pre-employment physical exam required; written report filed; exam must have been negative. No express rebuttal provision for this subsection.",NA,https://www.iaff.org/presumptive-health/mn/,2026-05-23
MN,Minnesota,respiratory,pneumonia or its sequel,firefighter,statute,TRUE,FALSE,NA,TRUE,NA,NA,TRUE,NA,NA,"Minnesota Statutes § 176.011, Subd. 15(b)",https://www.revisor.mn.gov/statutes/cite/176.011,Covers active duty members of organized fire departments of any municipality. Pre-employment thorough physical examination by licensed physician required; written report must be filed with department; exam must have been negative for the disease. Disease must manifest at date of disablement or death while employed on active duty. No express rebuttal provision for this subsection.,NA,https://www.iaff.org/presumptive-health/mn/,2026-05-23
MN,Minnesota,respiratory,pneumonia or its sequel,law_enforcement,statute,TRUE,FALSE,NA,TRUE,NA,NA,TRUE,NA,NA,"Minnesota Statutes § 176.011, Subd. 15(b)",https://www.revisor.mn.gov/statutes/cite/176.011,"Same coverage and conditions as firefighter respiratory row. Covers state patrol, police, conservation officers, crime bureau, DNR forest officers, correctional officers, sheriffs/deputies. Pre-employment physical exam required; written report filed; exam must have been negative. No express rebuttal provision.",NA,https://www.iaff.org/presumptive-health/mn/,2026-05-23
MN,Minnesota,infectious,infectious or communicable disease contracted through occupational exposure,firefighter,statute,TRUE,TRUE,NA,NA,NA,NA,TRUE,NA,NA,"Minnesota Statutes § 176.011, Subd. 15(b)",https://www.revisor.mn.gov/statutes/cite/176.011,Covers licensed firefighters. Disease must be contracted through exposure in course of employment outside of a hospital. Rebuttable by substantial factors brought by employer or insurer; any substantial factors known at time of denial must be communicated to employee on denial of liability.,NA,https://www.iaff.org/presumptive-health/mn/,2026-05-23
MN,Minnesota,infectious,infectious or communicable disease contracted through occupational exposure,emt_paramedic,statute,TRUE,TRUE,NA,NA,NA,NA,TRUE,NA,NA,"Minnesota Statutes § 176.011, Subd. 15(b)",https://www.revisor.mn.gov/statutes/cite/176.011,"Covers paramedics and emergency medical technicians. Covers individuals who by nature of their position provide emergency medical care, including licensed nurses providing emergency care. Disease must be contracted through exposure in course of employment outside of a hospital. Rebuttable by substantial factors; known factors must be communicated to employee on denial.",NA,https://www.iaff.org/presumptive-health/mn/,2026-05-23
MN,Minnesota,infectious,infectious or communicable disease contracted through occupational exposure,law_enforcement,statute,TRUE,TRUE,NA,NA,NA,NA,TRUE,NA,NA,"Minnesota Statutes § 176.011, Subd. 15(b)",https://www.revisor.mn.gov/statutes/cite/176.011,"Covers licensed police officers under § 626.84, subd. 1. Disease must be contracted through exposure in course of employment outside of a hospital. Rebuttable by substantial factors; known factors must be communicated to employee on denial.",NA,https://www.iaff.org/presumptive-health/mn/,2026-05-23
MN,Minnesota,infectious,infectious or communicable disease contracted through occupational exposure,corrections,statute,TRUE,TRUE,NA,NA,NA,NA,TRUE,NA,NA,"Minnesota Statutes § 176.011, Subd. 15(b)",https://www.revisor.mn.gov/statutes/cite/176.011,Covers state correctional officers. Disease must be contracted through exposure in course of employment outside of a hospital. Rebuttable by substantial factors; known factors must be communicated to employee on denial.,NA,https://www.iaff.org/presumptive-health/mn/,2026-05-23
MN,Minnesota,mental,post-traumatic stress disorder (PTSD) as diagnosed by licensed psychiatrist or psychologist per current DSM,firefighter,statute,TRUE,TRUE,NA,NA,NA,NA,NA,NA,NA,"Minnesota Statutes § 176.011, Subd. 15(e)",https://www.revisor.mn.gov/statutes/cite/176.011,"Mental impairment defined as PTSD diagnosis by licensed psychiatrist or psychologist per current DSM. Employee must not have been previously diagnosed with the condition. PTSD is NOT an occupational disease if resulting from: disciplinary action, work evaluation, job transfer, layoff, demotion, promotion, termination, retirement, or similar good-faith employer action. Rebuttable by substantial factors; known factors must be communicated to employee on denial.",NA,https://www.iaff.org/presumptive-health/mn/,2026-05-23
MN,Minnesota,mental,post-traumatic stress disorder (PTSD) as diagnosed by licensed psychiatrist or psychologist per current DSM,emt_paramedic,statute,TRUE,TRUE,NA,NA,NA,NA,NA,NA,NA,"Minnesota Statutes § 176.011, Subd. 15(e)",https://www.revisor.mn.gov/statutes/cite/176.011,"Covers paramedics, emergency medical technicians, and licensed nurses employed to provide emergency medical services outside of a medical facility. Also covers public safety dispatchers. Must not have been previously diagnosed with the condition. PTSD excluded if resulting from disciplinary or good-faith employer action. Rebuttable by substantial factors.",NA,https://www.iaff.org/presumptive-health/mn/,2026-05-23
MN,Minnesota,mental,post-traumatic stress disorder (PTSD) as diagnosed by licensed psychiatrist or psychologist per current DSM,law_enforcement,statute,TRUE,TRUE,NA,NA,NA,NA,NA,NA,NA,"Minnesota Statutes § 176.011, Subd. 15(e)",https://www.revisor.mn.gov/statutes/cite/176.011,Covers licensed police officers and members of the Minnesota State Patrol and full-time deputy sheriffs/sheriffs. Must not have been previously diagnosed. PTSD excluded if resulting from disciplinary or good-faith employer action. Rebuttable by substantial factors.,NA,https://www.iaff.org/presumptive-health/mn/,2026-05-23
MN,Minnesota,mental,post-traumatic stress disorder (PTSD) as diagnosed by licensed psychiatrist or psychologist per current DSM,corrections,statute,TRUE,TRUE,NA,NA,NA,NA,NA,NA,NA,"Minnesota Statutes § 176.011, Subd. 15(e)",https://www.revisor.mn.gov/statutes/cite/176.011,"Covers officers employed by the state or a political subdivision at a corrections, detention, or secure treatment facility. Must not have been previously diagnosed. PTSD excluded if resulting from disciplinary or good-faith employer action. Rebuttable by substantial factors.",NA,https://www.iaff.org/presumptive-health/mn/,2026-05-23
MO,Missouri,cancer,"Cancer affecting skin, central nervous, lymphatic, digestive, hematological, urinary, skeletal, oral, breast, testicular, genitourinary, liver, prostate systems; cancer from heat, radiation, or IARC-identified carcinogen exposure",firefighter,statute,TRUE,TRUE,5,TRUE,NA,NA,NA,Physical examination must have been within 5 years prior to the claim and must have failed to reveal evidence of cancer,TRUE,Mo. Rev. Stat. § 87.006(2),https://revisor.mo.gov/main/OneSection.aspx?section=87.006,"Tobacco exclusion: presumption defeated if proven to reasonable medical certainty that condition was not contributed to by voluntary tobacco use. Applies to uniformed members of paid fire departments of all counties, cities, towns, fire districts, and other governmental units. § 320.400 establishes a separate voluntary firefighter cancer benefits pool (not a WC presumption; benefits reduced 25% for tobacco use within 5 years of diagnosis).",NA,https://www.iaff.org/presumptive-health/mo/,2026-05-23
MO,Missouri,cardiovascular,"Hypertension, disease of the heart, hypotension (§ 87.006 only)",firefighter,statute,TRUE,TRUE,5,TRUE,NA,NA,NA,Physical examination must have been within 5 years prior to the claim and must have failed to reveal evidence of the condition,NA,Mo. Rev. Stat. § 87.005; § 87.006,https://revisor.mo.gov/main/OneSection.aspx?section=87.005,§ 87.005 covers hypertension and heart disease; § 87.006 additionally covers hypotension. § 87.005 applies to chapter 87 retirement provisions; § 87.006 applies to all paid fire departments statewide.,NA,https://www.iaff.org/presumptive-health/mo/,2026-05-23
MO,Missouri,respiratory,Disease of the lungs or respiratory tract,firefighter,statute,TRUE,TRUE,5,TRUE,NA,NA,NA,Physical examination must have been within 5 years prior to the claim and must have failed to reveal evidence of the condition,NA,Mo. Rev. Stat. § 87.005; § 87.006,https://revisor.mo.gov/main/OneSection.aspx?section=87.005,§ 87.005 applies to chapter 87 retirement provisions only; § 87.006 applies to all paid fire departments statewide. Both require pre-employment exam within 5 years.,NA,https://www.iaff.org/presumptive-health/mo/,2026-05-23
MO,Missouri,infectious,"HIV/AIDS, tuberculosis, hepatitis A, hepatitis B, hepatitis C, hepatitis D, diphtheria, meningococcal meningitis, MRSA, hemorrhagic fever, plague, rabies, SARS",firefighter,statute,TRUE,TRUE,5,TRUE,NA,NA,NA,Claim must be made within 5 years of the physical examination that failed to reveal the condition; annual physical with blood test required for infectious disease presumption,NA,Mo. Rev. Stat. § 87.005; § 87.006,https://revisor.mo.gov/main/OneSection.aspx?section=87.005,§ 87.005 applies only to chapter 87 RSMo 1959 retirement/relief provisions; § 87.006 applies to all county/city/town/fire district paid fire department members for retirement benefit computation. Both require pre-employment exam within 5 years prior to claim. Annual blood test required for infectious disease presumption.,NA,https://www.iaff.org/presumptive-health/mo/,2026-05-23
MO,Missouri,mental,Post-traumatic stress disorder (PTSD; DSM-5 diagnosis required),firefighter,statute,TRUE,TRUE,NA,FALSE,NA,NA,FALSE,"52 weeks after qualifying exposure or diagnosis, whichever is later",NA,RSMo § 287.067(9),https://revisor.mo.gov/main/OneSection.aspx?section=287.067,"RSMo § 287.067(9), enacted by SB 24 (effective August 28, 2023). Covers certified first responders — firefighters, police officers, EMTs, paramedics, and telecommunicators. PTSD must be diagnosed according to DSM-5 criteria. The standard is clear and convincing evidence that the PTSD resulted from employment; no physical injury is required. Qualifying events include witnessing the death or serious injury of a minor, witnessing any death, being involved in a life-threatening situation, or treating a person who subsequently dies. Preexisting PTSD is not compensable.",NA,https://www.iaff.org/presumptive-health/mo/,2026-06-04
MO,Missouri,mental,Post-traumatic stress disorder (PTSD; DSM-5 diagnosis required),emt_paramedic,statute,TRUE,TRUE,NA,FALSE,NA,NA,FALSE,"52 weeks after qualifying exposure or diagnosis, whichever is later",NA,RSMo § 287.067(9),https://revisor.mo.gov/main/OneSection.aspx?section=287.067,"RSMo § 287.067(9), enacted by SB 24 (effective August 28, 2023). Covers certified first responders — firefighters, police officers, EMTs, paramedics, and telecommunicators. PTSD must be diagnosed according to DSM-5 criteria. The standard is clear and convincing evidence that the PTSD resulted from employment; no physical injury is required. Qualifying events include witnessing the death or serious injury of a minor, witnessing any death, being involved in a life-threatening situation, or treating a person who subsequently dies. Preexisting PTSD is not compensable.",NA,https://www.iaff.org/presumptive-health/mo/,2026-06-04
MO,Missouri,mental,Post-traumatic stress disorder (PTSD; DSM-5 diagnosis required),law_enforcement,statute,TRUE,TRUE,NA,FALSE,NA,NA,FALSE,"52 weeks after qualifying exposure or diagnosis, whichever is later",NA,RSMo § 287.067(9),https://revisor.mo.gov/main/OneSection.aspx?section=287.067,"RSMo § 287.067(9), enacted by SB 24 (effective August 28, 2023). Covers certified first responders — firefighters, police officers, EMTs, paramedics, and telecommunicators. PTSD must be diagnosed according to DSM-5 criteria. The standard is clear and convincing evidence that the PTSD resulted from employment; no physical injury is required. Qualifying events include witnessing the death or serious injury of a minor, witnessing any death, being involved in a life-threatening situation, or treating a person who subsequently dies. Preexisting PTSD is not compensable.",NA,https://www.iaff.org/presumptive-health/mo/,2026-06-04
MS,Mississippi,cancer,"bladder, brain, colon, liver, pancreas, skin, kidney, gastrointestinal tract, reproductive tract, leukemia, lymphoma, multiple myeloma, prostate, testicles, breast cancer",firefighter,statute,TRUE,NA,10,NA,NA,NA,NA,NA,NA,Miss. Code Ann. §§ 25-15-401 through 25-15-411,https://codes.findlaw.com/ms/title-25-public-officers-and-employees-public-records/ms-code-sect-25-15-401/,"Effective July 1, 2021. This is a separate cancer benefits program, structured as an alternative to workers' compensation (§71-3-9 amended so employer not liable under WC if first responder elects this Act). Benefits include lump sums ($35,000 for malignant tumors meeting specific criteria; $6,250 for carcinoma in situ or endoscopic-treated malignancies; maximum $50,000 lifetime), plus disability benefit of 60% of monthly salary or $5,000/month max for nonvolunteers, beginning 6 months after disability, for 36 monthly payments. Requires a board-certified physician in the appropriate specialty to certify cancer was caused by an occupational hazard. Employer bears cost; claimant choosing this program forfeits WC claim for same diagnosis. Covers full-time firefighters with 10+ years of service employed by State of Mississippi or any political subdivision.",NA,https://www.iaff.org/presumptive-health/ms/,2026-05-23
MS,Mississippi,cancer,"bladder, brain, colon, liver, pancreas, skin, kidney, gastrointestinal tract, reproductive tract, leukemia, lymphoma, multiple myeloma, prostate, testicles, breast cancer",firefighter_volunteer,statute,TRUE,NA,10,NA,NA,NA,NA,NA,NA,Miss. Code Ann. §§ 25-15-401 through 25-15-411,https://codes.findlaw.com/ms/title-25-public-officers-and-employees-public-records/ms-code-sect-25-15-401/,"Effective July 1, 2021. Covers volunteer firefighters registered with the State of Mississippi or a political subdivision with 10+ years of service. Disability benefit for volunteers is $1,500/month (not 60% of salary), beginning 6 months after disability, for 36 monthly payments. Same lump-sum benefit structure applies ($35,000/$6,250, max $50,000 lifetime). Board-certified physician must certify occupational causation. Electing this program forfeits WC claim for same diagnosis.",NA,https://www.iaff.org/presumptive-health/ms/,2026-05-23
MS,Mississippi,cancer,"bladder, brain, colon, liver, pancreas, skin, kidney, gastrointestinal tract, reproductive tract, leukemia, lymphoma, multiple myeloma, prostate, testicles, breast cancer",law_enforcement,statute,TRUE,NA,10,NA,NA,NA,NA,NA,NA,Miss. Code Ann. §§ 25-15-401 through 25-15-411,https://codes.findlaw.com/ms/title-25-public-officers-and-employees-public-records/ms-code-sect-25-15-401/,"Effective July 1, 2021. Covers law enforcement officers certified by the Mississippi Board on Law Enforcement Officer Standards and Training (BLEOST) with 10+ years of service. Same benefit structure as firefighters: lump-sum up to $50,000 lifetime, disability benefit of 60% of salary or $5,000/month max for 36 months beginning 6 months after disability. Board-certified physician must certify occupational causation. Electing this program forfeits WC claim for same diagnosis.",NA,https://www.iaff.org/presumptive-health/ms/,2026-05-23
MT,Montana,cancer,"Bladder cancer (12 yrs), brain cancer (10 yrs), breast cancer (5 yrs, age <40, no genetic predisposition), cervical cancer (15 yrs), colorectal cancer (10 yrs), esophageal cancer (10 yrs), kidney cancer (15 yrs), leukemia (5 yrs), lung cancer (4 yrs), mesothelioma/asbestosis (10 yrs), multiple myeloma (15 yrs), non-Hodgkin's lymphoma (15 yrs), testicular cancer (10 yrs)",firefighter,statute,TRUE,TRUE,NA,TRUE,120,Disease must manifest within 10 years of last date engaged in firefighting activities; individual disease minimums range from 4–15 years of employment,FALSE,Claim must be filed as soon as firefighter knows or should have known condition resulted from presumptive occupational disease,TRUE,"Mont. Code Ann. § 39-71 (HB 533, eff. July 1, 2019)",https://mca.legmt.gov/bills/mca/title_0390/chapter_0710/part_0140/section_0010/0390-0710-0140-0010.html,"Tobacco exclusion: the firefighter may not be a regular user of tobacco products, must not have a history of regular tobacco use in the 10 years preceding the claim, and must not have been exposed by a cohabitant who regularly used tobacco in the home for 10+ years before diagnosis. Employment history is calculated starting July 1, 2014 only (§ 39-71(3)). Volunteer firefighters are covered only if their employer opts in and the insurer agrees to provide presumptive coverage (§ 39-71(1)(b)). Total claim payment is capped at $5 million per claim. A pre-employment exam is required within 90 days of hiring, with subsequent exams at least every 2 years. Lung cancer and myocardial infarction must be of a type that can be caused by firefighting activities. Most of this list (11 of the 13 cancer types — all except non-Hodgkin's lymphoma and testicular cancer) took effect July 1, 2019 (SB 160, Ch. 158, L. 2019). Non-Hodgkin's lymphoma (15-year service requirement) and testicular cancer (10-year service requirement) were added four years later by SB 310 (Ch. 442, L. 2023), signed May 4, 2023, with an effective date presumed to be October 1, 2023 under Montana's default effective-date statute (§ 1-2-201, MCA); the exact effective-date clause within SB 310's own bill text has not been independently confirmed.",NA,https://www.iaff.org/presumptive-health/mt/,2026-05-23
MT,Montana,cancer,"Bladder cancer (12 yrs), brain cancer (10 yrs), breast cancer (5 yrs, age <40, no genetic predisposition), cervical cancer (15 yrs), colorectal cancer (10 yrs), esophageal cancer (10 yrs), kidney cancer (15 yrs), leukemia (5 yrs), lung cancer (4 yrs), mesothelioma/asbestosis (10 yrs), multiple myeloma (15 yrs), non-Hodgkin's lymphoma (15 yrs), testicular cancer (10 yrs)",firefighter_volunteer,statute,TRUE,TRUE,NA,TRUE,120,Disease must manifest within 10 years of last date engaged in firefighting activities; individual disease minimums range from 4–15 years of employment,FALSE,Claim must be filed as soon as firefighter knows or should have known condition resulted from presumptive occupational disease,TRUE,"Mont. Code Ann. § 39-71 (HB 533, eff. July 1, 2019)",https://mca.legmt.gov/bills/mca/title_0390/chapter_0710/part_0140/section_0010/0390-0710-0140-0010.html,"Coverage for volunteer firefighters is optional: it applies only if the employer has elected workers' compensation coverage under Title 39, chapter 71, the employer has additionally opted to include presumptive occupational disease coverage, and the insurer agrees to provide it. At least 1 year of firefighting operations in Montana beginning on or after July 1, 2019 is required. Same conditions, service minimums, and tobacco exclusion as the paid-firefighter track apply. Most of this list (11 of the 13 cancer types — all except non-Hodgkin's lymphoma and testicular cancer) took effect July 1, 2019 (SB 160, Ch. 158, L. 2019). Non-Hodgkin's lymphoma (15-year service requirement) and testicular cancer (10-year service requirement) were added four years later by SB 310 (Ch. 442, L. 2023), signed May 4, 2023, with an effective date presumed to be October 1, 2023 under Montana's default effective-date statute (§ 1-2-201, MCA); the exact effective-date clause within SB 310's own bill text has not been independently confirmed.",NA,https://www.iaff.org/presumptive-health/mt/,2026-05-23
MT,Montana,cardiovascular,Myocardial infarction,firefighter,statute,TRUE,TRUE,10,TRUE,120,Disease must manifest within 10 years of last date engaged in firefighting activities,FALSE,Claim must be filed as soon as firefighter knows or should have known condition resulted from presumptive occupational disease,TRUE,"Mont. Code Ann. § 39-71 (HB 533, eff. July 1, 2019)",https://mca.legmt.gov/bills/mca/title_0390/chapter_0710/part_0140/section_0010/0390-0710-0140-0010.html,"Myocardial infarction listed in the statute alongside cancers as a presumptive occupational disease. Must be the type that can be caused by firefighting activities. Same tobacco exclusion and exam requirements as cancer rows. Volunteer firefighters covered only if employer opts in. Employment history calculated from July 1, 2014 only.",NA,https://www.iaff.org/presumptive-health/mt/,2026-05-23
MT,Montana,cardiovascular,Myocardial infarction,firefighter_volunteer,statute,TRUE,TRUE,10,TRUE,120,Disease must manifest within 10 years of last date engaged in firefighting activities,FALSE,Claim must be filed as soon as firefighter knows or should have known condition resulted from presumptive occupational disease,TRUE,"Mont. Code Ann. § 39-71 (HB 533, eff. July 1, 2019)",https://mca.legmt.gov/bills/mca/title_0390/chapter_0710/part_0140/section_0010/0390-0710-0140-0010.html,Volunteer firefighter coverage is optional (employer and insurer opt-in required). Same conditions and exclusions as paid firefighter cardiovascular row.,NA,https://www.iaff.org/presumptive-health/mt/,2026-05-23
NC,North Carolina,cancer,"malignant neoplasms caused by exposure to heat, radiation, or a known carcinogen as defined by WHO/IARC",firefighter,statute,TRUE,NA,5,NA,NA,NA,NA,"Must have a new diagnosis of cancer on or after January 1, 2022; prior diagnosed cancer type ineligible, but new cancer types diagnosed on or after Jan 1, 2022 remain eligible even if metastasized from earlier cancer",NA,N.C. Gen. Stat. §§ 58-86A-1 through 58-86A-6 (Firefighters' Cancer Insurance Program),https://www.ncleg.gov/EnactedLegislation/Statutes/PDF/ByArticle/Chapter_58/Article_86A.pdf,"This is a supplemental state insurance benefits program, NOT a workers' compensation presumption. Benefits are supplemental to other health benefits. Firefighter is ineligible if simultaneously receiving WC benefits under Chapter 97 for the same cancer. Eligibility: 5 continuous years of service in an NC fire department (lapse of up to 6 months does not break continuity), OR on NC State Firefighters' Association certified roster as 'retired/nonactive' for no more than 10 years post-service. Benefits: lump sum up to $74,000 total ($37,000 per diagnosis); disability benefit of 75% of monthly salary or $5,000/month max (whichever less) for non-volunteers, or $1,500/month for volunteers, beginning 6 months after total disability, for up to 36 consecutive months. Disability benefit subordinate to other disability benefits from other sources (except private insurance purchased solely by the firefighter). Volunteer firefighters explicitly covered. Administered by the Office of the State Fire Marshal via a contracted third-party administrator.",NA,https://www.iaff.org/presumptive-health/nc/,2026-05-23
NC,North Carolina,cancer,"mesothelioma, testicular cancer, cancer of the small intestine, esophageal cancer, oral cavity cancer, pharynx cancer",firefighter,statute,TRUE,NA,NA,NA,NA,NA,NA,NA,NA,N.C. Gen. Stat. § 143-166.2(6)(e),https://www.ncleg.gov/enactedlegislation/statutes/html/bysection/chapter_143/gs_143-166.2.html,"This is a line-of-duty death benefit presumption only (Public Safety Employees' Death Benefits Act), not a workers' compensation presumption. Death from one of six listed cancers — mesothelioma, testicular cancer, cancer of the small intestine, esophageal cancer, oral cavity cancer, and pharynx cancer — is presumed to be occupationally related to firefighting and therefore a line-of-duty death, triggering a $100,000 death benefit to dependents. Cancers must be occupationally related to firefighting. No rebuttability provision is stated.",NA,https://www.iaff.org/presumptive-health/nc/,2026-05-23
NC,North Carolina,cancer,"malignant neoplasms caused by exposure to heat, radiation, or a known carcinogen as defined by WHO/IARC",firefighter_volunteer,statute,TRUE,NA,5,NA,NA,NA,NA,"Must have a new diagnosis of cancer on or after January 1, 2022",NA,N.C. Gen. Stat. §§ 58-86A-1 through 58-86A-6 (Firefighters' Cancer Insurance Program),https://www.ncleg.gov/EnactedLegislation/Statutes/PDF/ByArticle/Chapter_58/Article_86A.pdf,"Volunteer firefighters explicitly included in the Firefighters' Cancer Insurance Program (§ 58-86A-4(2)(b)). Disability benefit for volunteers is $1,500/month (not salary-based) for up to 36 consecutive months beginning 6 months after total disability. Lump-sum benefit structure same as non-volunteers ($37,000 per diagnosis, max $74,000 total). Same eligibility requirements apply (5 continuous years of service). Ineligible if simultaneously receiving WC benefits for the same cancer.",NA,https://www.iaff.org/presumptive-health/nc/,2026-05-23
NC,North Carolina,cardiovascular,Myocardial infarction (on duty or within 24 hours of emergency response/training),firefighter,lodd_only,TRUE,FALSE,NA,FALSE,NA,NA,FALSE,NA,NA,N.C. Gen. Stat. § 143-166.2(6)(d),https://www.ncleg.gov/enactedlegislation/statutes/html/bysection/chapter_143/gs_143-166.2.html,G.S. § 143-166.2(5). DEATH BENEFIT ONLY — myocardial infarction occurring while on duty or within 24 hours after participating in a training exercise or responding to an emergency situation is classified as a line-of-duty death for purposes of the State's death benefit program. This is NOT a workers' compensation presumption for living first responders — it provides no WC disability or medical benefits for a firefighter/officer who survives. No minimum service requirement. No rebuttal mechanism specified.,NA,https://www.iaff.org/presumptive-health/nc/,2026-06-04
NC,North Carolina,cardiovascular,Myocardial infarction (on duty or within 24 hours of emergency response/training),emt_paramedic,lodd_only,TRUE,FALSE,NA,FALSE,NA,NA,FALSE,NA,NA,N.C. Gen. Stat. § 143-166.2(6)(d),https://www.ncleg.gov/enactedlegislation/statutes/html/bysection/chapter_143/gs_143-166.2.html,G.S. § 143-166.2(5). DEATH BENEFIT ONLY — myocardial infarction occurring while on duty or within 24 hours after participating in a training exercise or responding to an emergency situation is classified as a line-of-duty death for purposes of the State's death benefit program. This is NOT a workers' compensation presumption for living first responders — it provides no WC disability or medical benefits for a firefighter/officer who survives. No minimum service requirement. No rebuttal mechanism specified.,NA,https://www.iaff.org/presumptive-health/nc/,2026-06-04
NC,North Carolina,cardiovascular,Myocardial infarction (on duty or within 24 hours of emergency response/training),law_enforcement,lodd_only,TRUE,FALSE,NA,FALSE,NA,NA,FALSE,NA,NA,N.C. Gen. Stat. § 143-166.2(6)(d),https://www.ncleg.gov/enactedlegislation/statutes/html/bysection/chapter_143/gs_143-166.2.html,G.S. § 143-166.2(5). DEATH BENEFIT ONLY — myocardial infarction occurring while on duty or within 24 hours after participating in a training exercise or responding to an emergency situation is classified as a line-of-duty death for purposes of the State's death benefit program. This is NOT a workers' compensation presumption for living first responders — it provides no WC disability or medical benefits for a firefighter/officer who survives. No minimum service requirement. No rebuttal mechanism specified.,NA,https://www.iaff.org/presumptive-health/nc/,2026-06-04
ND,North Dakota,cancer,"occupational cancer arising from exposure to smoke, fumes, carcinogenic/poisonous/toxic/chemical substances",firefighter,statute,TRUE,TRUE,5,TRUE,24,2 years post-employment for those employed ≤10 years; 5 years post-employment for those employed >10 years,FALSE,Condition must be diagnosed within 2 years after employment ends (if ≤10 years service) or within 5 years after employment ends (if >10 years service),TRUE,N.D. Cent. Code § 65-01-15.1,https://www.ndlegis.gov/cencode/t65c01.pdf,"Cancer presumption applies to firefighters only (not law enforcement). Cancer must arise out of employment due to exposure to smoke, fumes, or carcinogenic/poisonous/toxic/chemical substances in active duty.",NA,https://www.iaff.org/presumptive-health/nd/,2026-05-23
ND,North Dakota,cardiovascular,"hypertension, heart disease",firefighter,statute,TRUE,TRUE,5,TRUE,24,2 years post-employment for those employed ≤10 years; 5 years post-employment for those employed >10 years,FALSE,Condition must be diagnosed within 2 years after employment ends (if ≤10 years service) or within 5 years after employment ends (if >10 years service),TRUE,N.D. Cent. Code § 65-01-15.1,https://www.ndlegis.gov/cencode/t65c01.pdf,Tobacco users must provide yearly physician documentation of tobacco-free status for preceding 2 years to remain eligible. Separate cardiac event presumption in § 65-01-15.2 applies when event occurs within 48 hours of strenuous activity or emergency response.,NA,https://www.iaff.org/presumptive-health/nd/,2026-05-23
ND,North Dakota,cardiovascular,"hypertension, heart disease",law_enforcement,statute,TRUE,TRUE,5,TRUE,24,2 years post-employment for those employed ≤10 years; 5 years post-employment for those employed >10 years,FALSE,Condition must be diagnosed within 2 years after employment ends (if ≤10 years service) or within 5 years after employment ends (if >10 years service),TRUE,N.D. Cent. Code § 65-01-15.1,https://www.ndlegis.gov/cencode/t65c01.pdf,Separate cardiac event presumption in § 65-01-15.2 applies when event occurs within 48 hours of strenuous law enforcement activity or emergency response; rebuttable by clear and convincing evidence.,NA,https://www.iaff.org/presumptive-health/nd/,2026-05-23
ND,North Dakota,respiratory,lung or respiratory disease,firefighter,statute,TRUE,TRUE,5,TRUE,24,2 years post-employment for those employed ≤10 years; 5 years post-employment for those employed >10 years,FALSE,Condition must be diagnosed within 2 years after employment ends (if ≤10 years service) or within 5 years after employment ends (if >10 years service),TRUE,N.D. Cent. Code § 65-01-15.1,https://www.ndlegis.gov/cencode/t65c01.pdf,"Tobacco users must provide yearly physician documentation of tobacco-free status for preceding 2 years to remain eligible. Periodic medical exams required by employer: every 5 years (1–10 yrs service), every 3 years (11–20 yrs), annually (21+ yrs). Medical exam results used in rebuttal.",NA,https://www.iaff.org/presumptive-health/nd/,2026-05-23
ND,North Dakota,respiratory,lung or respiratory disease,law_enforcement,statute,TRUE,TRUE,5,TRUE,24,2 years post-employment for those employed ≤10 years; 5 years post-employment for those employed >10 years,FALSE,Condition must be diagnosed within 2 years after employment ends (if ≤10 years service) or within 5 years after employment ends (if >10 years service),TRUE,N.D. Cent. Code § 65-01-15.1,https://www.ndlegis.gov/cencode/t65c01.pdf,"Law enforcement officer defined as licensed peace officer employed full-time by specified agencies (BCI, game and fish, state highway patrol, parole/probation, university police, county sheriff, city PD). Cancer presumption does NOT apply to law enforcement.",NA,https://www.iaff.org/presumptive-health/nd/,2026-05-23
ND,North Dakota,infectious,"bloodborne pathogens (hepatitis B, hepatitis C, HIV)",firefighter,statute,TRUE,TRUE,5,TRUE,24,2 years post-employment for those employed ≤10 years; 5 years post-employment for those employed >10 years,FALSE,Condition must be diagnosed within 2 years after employment ends (if ≤10 years service) or within 5 years after employment ends (if >10 years service),FALSE,N.D. Cent. Code § 65-01-15.1; § 23-07.5-01,https://www.ndlegis.gov/cencode/t65c01.pdf,Bloodborne pathogen exposure must occur in the course of employment. Tobacco exclusion provision explicitly does not apply to bloodborne pathogen exposure claims.,NA,https://www.iaff.org/presumptive-health/nd/,2026-05-23
ND,North Dakota,infectious,"bloodborne pathogens (hepatitis B, hepatitis C, HIV)",law_enforcement,statute,TRUE,TRUE,5,TRUE,24,2 years post-employment for those employed ≤10 years; 5 years post-employment for those employed >10 years,FALSE,Condition must be diagnosed within 2 years after employment ends (if ≤10 years service) or within 5 years after employment ends (if >10 years service),FALSE,N.D. Cent. Code § 65-01-15.1; § 23-07.5-01,https://www.ndlegis.gov/cencode/t65c01.pdf,Bloodborne pathogen exposure must occur in the course of employment. Tobacco exclusion provision explicitly does not apply to bloodborne pathogen exposure claims.,NA,https://www.iaff.org/presumptive-health/nd/,2026-05-23
NE,Nebraska,cancer,"Cancer affecting skin, central nervous, lymphatic, digestive, hematological, urinary, skeletal, oral, prostate systems; including melanoma (Firefighter Cancer Benefits Act); breast, lung, neurological, reproductive system (FCBA)",firefighter,statute,TRUE,TRUE,NA,TRUE,3,NA,NA,NA,NA,Neb. Rev. Stat. § 35-1001(1); Firefighter Cancer Benefits Act (LB 44),https://nebraskalegislature.gov/laws/statutes.php?statute=35-1001,"§ 35-1001(1) provides prima facie evidence (rebuttable) for paid fire department members; requires exposure to IARC-identified known carcinogen while in service and carcinogen is suspected/known cause of the type of cancer. Pre-employment exam required that failed to reveal cancer. Post-separation window is 3 months (§ 35-1001(3)). Firefighter Cancer Benefits Act (FCBA) provides enhanced cash benefits for paid firefighters and volunteers deemed employees; requires 24 consecutive months service, participation in fire suppression, and use of all available PPE. FCBA post-separation eligibility: 36 months. Firefighters already provided cancer benefits under § 35-1001 are ineligible for FCBA (§ Sec. 4(3)). FCBA benefit levels: $25,000 lump sum for advanced/terminal cancer, $6,250 for carcinoma in situ/melanoma, $1,500/month disability benefit up to 36 months, $50,000 death benefit.",NA,https://www.iaff.org/presumptive-health/ne/,2026-05-23
NE,Nebraska,cancer,"Cancer affecting skin, central nervous, lymphatic, digestive, hematological, urinary, skeletal, oral, prostate systems",emt_paramedic,statute,TRUE,TRUE,NA,TRUE,3,NA,NA,NA,NA,Neb. Rev. Stat. § 35-1001(1),https://nebraskalegislature.gov/laws/statutes.php?statute=35-1001,"§ 35-1001 explicitly covers 'firefighter-paramedic' as a separate category alongside 'firefighter' — both must be members of a paid fire department. Same requirements as firefighter row: pre-employment exam, IARC carcinogen exposure, 3-month post-separation window.",NA,https://www.iaff.org/presumptive-health/ne/,2026-05-23
NE,Nebraska,cardiovascular,"Hypertension, heart disease",firefighter,statute,TRUE,TRUE,5,NA,3,NA,NA,NA,NA,Neb. Rev. Stat. § 18-1723,https://nebraskalegislature.gov/laws/statutes.php?statute=18-1723,"Requires 5 years total service as member of a paid fire department in any city. Rebuttable presumption. Also covers police officers (separate row). 3-month post-separation window. Applies to chapter 15, article 10, §§ 16-1001 to 16-1042, and any firefighter/police pension plans under home rule charters.",NA,https://www.iaff.org/presumptive-health/ne/,2026-05-23
NE,Nebraska,cardiovascular,"Hypertension, heart disease",law_enforcement,statute,TRUE,TRUE,NA,NA,3,NA,NA,NA,NA,Neb. Rev. Stat. § 18-1723,https://nebraskalegislature.gov/laws/statutes.php?statute=18-1723,§ 18-1723 covers police officers of any city or village (including home rule charter cities) — no minimum years of service stated for police officers (5-year minimum stated only for firefighters). 3-month post-separation window.,NA,https://www.iaff.org/presumptive-health/ne/,2026-05-23
NE,Nebraska,respiratory,Respiratory defect or disease,firefighter,statute,TRUE,TRUE,5,NA,3,NA,NA,NA,NA,Neb. Rev. Stat. § 18-1723,https://nebraskalegislature.gov/laws/statutes.php?statute=18-1723,"§ 18-1723 covers heart, hypertension, AND respiratory defect/disease together. 5 years paid service required. 3-month post-separation window.",NA,https://www.iaff.org/presumptive-health/ne/,2026-05-23
NE,Nebraska,respiratory,Respiratory defect or disease,law_enforcement,statute,TRUE,TRUE,NA,NA,3,NA,NA,NA,NA,Neb. Rev. Stat. § 18-1723,https://nebraskalegislature.gov/laws/statutes.php?statute=18-1723,"§ 18-1723 covers police officers for heart, hypertension, AND respiratory defect/disease. No service minimum stated for police. 3-month post-separation window.",NA,https://www.iaff.org/presumptive-health/ne/,2026-05-23
NE,Nebraska,infectious,"Blood-borne infectious disease (HIV/AIDS, all strains of hepatitis), tuberculosis, meningococcal meningitis, MRSA",firefighter,statute,TRUE,TRUE,NA,TRUE,3,NA,NA,Firefighter must have been engaged in service within 10 years before onset of disease,NA,Neb. Rev. Stat. § 35-1001(2),https://nebraskalegislature.gov/laws/statutes.php?statute=35-1001,"Requires: (a) pre-employment/subsequent exam that failed to reveal evidence of the disease, AND (b) firefighter engaged in service within 10 years before disease onset. Post-separation window: 3 months (§ 35-1001(3)). Applies to paid fire departments only.",NA,https://www.iaff.org/presumptive-health/ne/,2026-05-23
NE,Nebraska,infectious,"Blood-borne infectious disease (HIV/AIDS, all strains of hepatitis), tuberculosis, meningococcal meningitis, MRSA",emt_paramedic,statute,TRUE,TRUE,NA,TRUE,3,NA,NA,Firefighter-paramedic must have been engaged in service within 10 years before onset of disease,NA,Neb. Rev. Stat. § 35-1001(2),https://nebraskalegislature.gov/laws/statutes.php?statute=35-1001,§ 35-1001 explicitly covers 'firefighter-paramedic' alongside 'firefighter.' Same requirements as firefighter infectious row.,NA,https://www.iaff.org/presumptive-health/ne/,2026-05-23
NE,Nebraska,mental,Mental injuries and mental illness (unaccompanied by physical injury) caused by extraordinary and unusual employment conditions,firefighter,statute,FALSE,NA,NA,NA,NA,NA,NA,NA,NA,Neb. Rev. Stat. § 48-101.01,https://nebraskalegislature.gov/laws/statutes.php?statute=48-101.01,"§ 48-101.01 is NOT a presumption — it makes mental injuries compensable for first responders but requires the employee to establish by preponderance of evidence that (a) conditions were extraordinary and unusual compared to normal employment and (b) medical causation. Covers paid and volunteer firefighters. Excluded if resulting from normal employer-employee relations (disciplinary actions, evaluations, transfers, etc.).",NA,https://www.iaff.org/presumptive-health/ne/,2026-05-23
NE,Nebraska,mental,Mental injuries and mental illness (unaccompanied by physical injury) caused by extraordinary and unusual employment conditions,emt_paramedic,statute,FALSE,NA,NA,NA,NA,NA,NA,NA,NA,Neb. Rev. Stat. § 48-101.01,https://nebraskalegislature.gov/laws/statutes.php?statute=48-101.01,§ 48-101.01 covers licensed EMS personnel (licensed under § 38-1217) providing immediate medical care. Not a presumption — requires employee proof by preponderance of evidence.,NA,https://www.iaff.org/presumptive-health/ne/,2026-05-23
NE,Nebraska,mental,Mental injuries and mental illness (unaccompanied by physical injury) caused by extraordinary and unusual employment conditions,law_enforcement,statute,FALSE,NA,NA,NA,NA,NA,NA,NA,NA,Neb. Rev. Stat. § 48-101.01,https://nebraskalegislature.gov/laws/statutes.php?statute=48-101.01,"§ 48-101.01 covers sheriff, deputy sheriff, police officer, Nebraska State Patrol officer, volunteer and paid firefighter, and licensed EMS. Not a presumption — requires employee proof by preponderance of evidence. Excludes mental injuries from normal employer-employee relations.",NA,https://www.iaff.org/presumptive-health/ne/,2026-05-23
NH,New Hampshire,cancer,cancer disease (occupationally caused),firefighter,statute,TRUE,TRUE,10,TRUE,240,Retired firefighters 6–20 years post-retirement eligible for medical payments only; must be receiving pension under RSA 100-A and guarantee tobacco-free lifestyle,FALSE,Retired firefighters between 6 and 20 years post-retirement eligible for medical expenses only under this section,TRUE,N.H. Rev. Stat. Ann. § 281-A:17(II),https://gc.nh.gov/rsa/html/XXIII/281-A/281-A-17.htm,"Prima facie presumption requires 10 years of service. Tobacco-free lifestyle required (no tobacco product 4+ times/week in past 6 months, except Alaska Native/Native American religious/ceremonial use). Two tracks: (1) If dept follows NFPA 1582 exam standard: firefighter provides exam report plus tobacco-free guarantee — gets presumption. (2) If dept does NOT follow NFPA 1582: firefighter must be 10-year tobacco-free veteran AND present after-action reports documenting known carcinogen exposure — does NOT receive prima facie presumption in this case. Employer must have policy following fire standards/training commission curriculum for best practices in PPE use and cleaning. Active regular firefighters employed before Jan 1, 1997 may have NFPA 1582 exam reimbursed by Dept of Safety.",NA,https://www.iaff.org/presumptive-health/nh/,2026-05-23
NH,New Hampshire,cardiovascular,heart disease,firefighter,statute,TRUE,TRUE,NA,TRUE,60,Retired firefighters: 5 years from retirement date; must agree to submit to requested physicals,FALSE,Benefits do not continue beyond one month after firefighter reaches age 65,NA,N.H. Rev. Stat. Ann. § 281-A:17(I),https://gc.nh.gov/rsa/html/XXIII/281-A/281-A-17.htm,"Prima facie presumption. Applies to regular, call, volunteer, and retired members of a fire department. Call and volunteer firefighters must have reasonable medical evidence on record showing they were free of the disease at the start of employment; the employer has a duty to provide this exam, and if the employer fails to do so, the firefighter still receives the presumption. Retired firefighters get the presumption for 5 years from their retirement date if they agree to submit to requested physicals. Benefits end one month after the firefighter's 70th birthday — the cutoff was raised from age 65 to age 70 by Acts of 2021, Ch. 83:1, effective August 17, 2021.",NA,https://www.iaff.org/presumptive-health/nh/,2026-05-23
NH,New Hampshire,respiratory,lung disease,firefighter,statute,TRUE,TRUE,NA,TRUE,60,Retired firefighters: 5 years from retirement date; must agree to submit to requested physicals,FALSE,Benefits do not continue beyond one month after firefighter reaches age 65,NA,N.H. Rev. Stat. Ann. § 281-A:17(I),https://gc.nh.gov/rsa/html/XXIII/281-A/281-A-17.htm,"Prima facie presumption for lung disease — same statute and conditions as heart disease presumption (§ 281-A:17(I)). Covers regular, call, volunteer, and retired firefighters. Same medical evidence and age 65 conditions apply.",NA,https://www.iaff.org/presumptive-health/nh/,2026-05-23
NH,New Hampshire,mental,"acute stress disorder, post-traumatic stress disorder (PTSD)",firefighter,statute,TRUE,TRUE,NA,NA,NA,NA,NA,NA,NA,"N.H. Rev. Stat. Ann. § 281-A:17-c; § 281-A:2, V-c",https://gc.nh.gov/rsa/html/XXIII/281-A/281-A-17-c.htm,"Prima facie presumption effective January 1, 2021. 'Emergency response/public safety worker' under § 281-A:2, V-c includes call, volunteer, and regular firefighters. Injury definition under § 281-A:2, XI was amended to include ASD and PTSD for these workers. PTSD excluded if resulting from disciplinary action, work evaluation, job transfer, layoff, demotion, termination, or similar good-faith employer action.",NA,https://www.iaff.org/presumptive-health/nh/,2026-05-23
NH,New Hampshire,mental,"acute stress disorder, post-traumatic stress disorder (PTSD)",emt_paramedic,statute,TRUE,TRUE,NA,NA,NA,NA,NA,NA,NA,"N.H. Rev. Stat. Ann. § 281-A:17-c; § 281-A:2, V-c",https://gc.nh.gov/rsa/html/XXIII/281-A/281-A-17-c.htm,"Prima facie presumption effective January 1, 2021. 'Emergency response/public safety worker' definition under § 281-A:2, V-c includes rescue or ambulance workers: ambulance service, emergency medical personnel, first responder service, and volunteer personnel.",NA,https://www.iaff.org/presumptive-health/nh/,2026-05-23
NH,New Hampshire,mental,"acute stress disorder, post-traumatic stress disorder (PTSD)",law_enforcement,statute,TRUE,TRUE,NA,NA,NA,NA,NA,NA,NA,"N.H. Rev. Stat. Ann. § 281-A:17-c; § 281-A:2, V-c",https://gc.nh.gov/rsa/html/XXIII/281-A/281-A-17-c.htm,"Prima facie presumption effective January 1, 2021. 'Emergency response/public safety worker' definition under § 281-A:2, V-c includes law enforcement officers certified under RSA 106-L.",NA,https://www.iaff.org/presumptive-health/nh/,2026-05-23
NH,New Hampshire,mental,"acute stress disorder, post-traumatic stress disorder (PTSD)",corrections,statute,TRUE,TRUE,NA,NA,NA,NA,NA,NA,NA,"N.H. Rev. Stat. Ann. § 281-A:17-c; § 281-A:2, V-c",https://gc.nh.gov/rsa/html/XXIII/281-A/281-A-17-c.htm,"Prima facie presumption effective January 1, 2021. 'Emergency response/public safety worker' definition under § 281-A:2, V-c explicitly includes certified county corrections officers.",NA,https://www.iaff.org/presumptive-health/nh/,2026-05-23
NJ,New Jersey,cancer,"cancer including leukemia (type caused by exposure to heat, radiation, or known/suspected IARC carcinogen)",firefighter,statute,TRUE,TRUE,7,NA,240,"Eligible regardless of whether in active service, provided not more than 75 years of age or out of active service more than 20 years",FALSE,Must not be more than 75 years of age AND must not have been out of active service for more than 20 years,NA,N.J. Stat. Ann. § 34:15-31.8,https://law.justia.com/codes/new-jersey/2022/title-34/section-34-15-31-8/,"Prima facie presumption (rebuttable by preponderance of evidence). Applies to paid, part-paid, and volunteer firefighters. 7 years of service required. Cancer type must be causable by exposure to heat, radiation, or a known/suspected IARC carcinogen. Employer may require firefighter to undergo reasonable testing at employer's expense; failure to require such testing does not adversely affect presumption. Firefighters with less than 7 years who are exposed to known carcinogens/cancer-causing radiation are covered under a separate provision (section 6 of the act, referenced but not fully quoted).",NA,https://www.iaff.org/presumptive-health/nj/,2026-05-23
NJ,New Jersey,cancer,"injury, illness, or death from exposure to known carcinogen, cancer-causing radiation, or radioactive substances (including reproductive organ damage)",firefighter,statute,TRUE,TRUE,NA,NA,NA,NA,TRUE,Worker must demonstrate injury/illness/death manifested during employment as public safety worker,NA,N.J. Stat. Ann. § 34:15-31.8(III),https://law.justia.com/codes/new-jersey/2022/title-34/section-34-15-31-7/,"Applies to 'public safety worker' including firefighters. Worker must demonstrate: (1) exposure to known carcinogen/cancer-causing radiation/radioactive substance due to fire, explosion, spill, or other means during employment, AND (2) injury/illness/death manifested during employment. Rebuttable by preponderance that exposure not linked to injury. Employer must maintain deployment records for sites where known carcinogens were present under hazmat right-to-know requirements.",NA,https://www.iaff.org/presumptive-health/nj/,2026-05-23
NJ,New Jersey,cancer,"cancer including leukemia (type caused by exposure to heat, radiation, or known/suspected IARC carcinogen)",firefighter_volunteer,statute,TRUE,TRUE,7,NA,240,"Eligible regardless of whether in active service, provided not more than 75 years of age or out of active service more than 20 years",FALSE,Must not be more than 75 years of age AND must not have been out of active service for more than 20 years,NA,N.J. Stat. Ann. § 34:15-31.8,https://law.justia.com/codes/new-jersey/2022/title-34/section-34-15-31-8/,"§ 34:15-31.8 explicitly covers paid, part-paid, AND volunteer fire department members. Same 7-year service requirement and conditions as paid firefighter cancer row.",NA,https://www.iaff.org/presumptive-health/nj/,2026-05-23
NJ,New Jersey,cancer,"injury, illness, or death from exposure to known carcinogen, cancer-causing radiation, or radioactive substances (including reproductive organ damage)",law_enforcement,statute,TRUE,TRUE,NA,NA,NA,NA,TRUE,Worker must demonstrate injury/illness/death manifested during employment as public safety worker,NA,N.J. Stat. Ann. § 34:15-31.8(III),https://law.justia.com/codes/new-jersey/2022/title-34/section-34-15-31-7/,"Applies to 'public safety worker' including police (paid, part-paid, volunteer), State Police, and corrections. Same exposure and manifestation requirements as firefighter cancer exposure row.",NA,https://www.iaff.org/presumptive-health/nj/,2026-05-23
NJ,New Jersey,cardiovascular,cardiovascular or cerebrovascular injury or death occurring during emergency response,firefighter,statute,TRUE,TRUE,NA,NA,NA,NA,TRUE,"Injury or death must occur while responding to a law enforcement, public safety, or medical emergency under orders from competent authority",NA,N.J. Stat. Ann. § 34:15-7.3,https://law.justia.com/codes/new-jersey/2024/title-34/section-34-15-7-3/,"Rebuttable presumption. Applies to permanent or temporary members of paid or part-paid fire departments. Emergency defined broadly: any circumstances requiring immediate action to prevent loss of life, property destruction, or criminal violations — including fire suppression, firemanic drills, criminal apprehension, and medical/rescue service. Presumption is event-specific (during emergency response), not a general occupational disease presumption.",NA,https://www.iaff.org/presumptive-health/nj/,2026-05-23
NJ,New Jersey,cardiovascular,cardiovascular or cerebrovascular injury or death occurring during emergency response,firefighter_volunteer,statute,TRUE,TRUE,NA,NA,NA,NA,TRUE,"Injury or death must occur while responding to a law enforcement, public safety, or medical emergency under orders from competent authority",NA,N.J. Stat. Ann. § 34:15-7.3,https://law.justia.com/codes/new-jersey/2024/title-34/section-34-15-7-3/,Rebuttable presumption. Explicitly covers members of volunteer fire companies. Same emergency-response-specific scope as paid firefighter row.,NA,https://www.iaff.org/presumptive-health/nj/,2026-05-23
NJ,New Jersey,cardiovascular,cardiovascular or cerebrovascular injury or death occurring during emergency response,emt_paramedic,statute,TRUE,TRUE,NA,NA,NA,NA,TRUE,"Injury or death must occur while responding to a law enforcement, public safety, or medical emergency under orders from competent authority",NA,N.J. Stat. Ann. § 34:15-7.3,https://law.justia.com/codes/new-jersey/2024/title-34/section-34-15-7-3/,"Rebuttable presumption. Originally (1987) applied only to members of volunteer first aid or rescue squads. EXPANDED (P.L.2023, c.348, A-5909/S-4267, signed by the Governor Jan. 16, 2024): now also covers any CAREER emergency medical technician or paramedic employed by the State, a county, a municipality, OR A PRIVATE-SECTOR COUNTERPART engaged in public emergency medical and rescue services -- meaning private-sector EMS employees are covered, not just public-sector ones. The 2024 amendment also added a defined 24-hour ""remediating from"" window and raised the medical-causation rebuttal standard to ""clear and convincing medical evidence."" Chaptered under the outgoing 2023 legislative year per NJ's lame-duck chaptering convention despite the January 2024 signing date.",NA,https://www.iaff.org/presumptive-health/nj/,2026-05-23
NJ,New Jersey,cardiovascular,cardiovascular or cerebrovascular injury or death occurring during emergency response,law_enforcement,statute,TRUE,TRUE,NA,NA,NA,NA,TRUE,"Injury or death must occur while responding to a law enforcement, public safety, or medical emergency under orders from competent authority",NA,N.J. Stat. Ann. § 34:15-7.3,https://law.justia.com/codes/new-jersey/2024/title-34/section-34-15-7-3/,"Rebuttable presumption. Applies to permanent or temporary members of paid or part-paid police departments, as well as special, reserve, or auxiliary police doing volunteer duty.",NA,https://www.iaff.org/presumptive-health/nj/,2026-05-23
NJ,New Jersey,respiratory,disease of the respiratory system,firefighter,statute,TRUE,TRUE,NA,TRUE,NA,NA,TRUE,Disease must develop or first manifest during a period while member is an active member; first manifestation date runs from date of first physician notice or date of death,NA,N.J. Stat. Ann. § 34:15-43.2,https://law.justia.com/codes/new-jersey/2022/title-34/section-34-15-43-2/,"Presumption of occupational disease (rebuttable by satisfactory proof). Originally applied to volunteer fire department members per statutory text (§ 34:15-43.2), but NJ Supreme Court in Lindquist v. City of Jersey City Fire Department, 175 N.J. 244 (2003), extended the presumption to paid firefighters as well. Requirements: (1) disease develops/first manifests while member is active, (2) member had pre-entry medical exam showing no such disease (or passed exam within 180 days of statute's effective date for prior members). Disease must manifest within 90 days from the event medically determined to be the cause.",NA,https://www.iaff.org/presumptive-health/nj/,2026-05-23
NJ,New Jersey,respiratory,disease of the respiratory system,firefighter_volunteer,statute,TRUE,TRUE,NA,TRUE,NA,NA,TRUE,Disease must develop or first manifest while member is an active member; first manifestation runs from date of first physician notice or date of death,NA,N.J. Stat. Ann. § 34:15-43.2,https://law.justia.com/codes/new-jersey/2022/title-34/section-34-15-43-2/,Statutory text of § 34:15-43.2 explicitly applies to volunteer fire department members. Pre-entry medical exam required showing no respiratory disease (or exam within 180 days of statute effective date for prior members). Disease must manifest within 90 days from causative event.,NA,https://www.iaff.org/presumptive-health/nj/,2026-05-23
NJ,New Jersey,other,"injury, illness, or death caused by smallpox vaccine or other bioterrorism/epidemic inoculation program",firefighter,statute,TRUE,TRUE,NA,NA,NA,NA,NA,NA,NA,N.J. Stat. Ann. § 34:15-31.8(II),https://law.justia.com/codes/new-jersey/2022/title-34/section-34-15-31-6/,"Presumption covers 'public safety worker' which includes firefighters (paid, part-paid, volunteer). Applies to injury/illness/death from vaccines (including smallpox) administered as part of a bioterrorism-preparedness or epidemic inoculation program, or transmission from another inoculated employee/public member. Rebuttable by preponderance showing administration not linked to injury. Statute does not authorize mandatory inoculation. Included under 'other' due to vaccine/biological warfare context.",NA,https://www.iaff.org/presumptive-health/nj/,2026-05-23
NJ,New Jersey,other,"injury, illness, or death caused by smallpox vaccine or other bioterrorism/epidemic inoculation program",emt_paramedic,statute,TRUE,TRUE,NA,NA,NA,NA,NA,NA,NA,N.J. Stat. Ann. § 34:15-31.8(II),https://law.justia.com/codes/new-jersey/2022/title-34/section-34-15-31-6/,"Applies to 'public safety worker' which includes basic or advanced medical technicians of a first aid or rescue squad, and nurses/EMTs responding to a catastrophic incident (volunteer or employed). Same inoculation program scope.",NA,https://www.iaff.org/presumptive-health/nj/,2026-05-23
NJ,New Jersey,other,"injury, illness, or death caused by smallpox vaccine or other bioterrorism/epidemic inoculation program",law_enforcement,statute,TRUE,TRUE,NA,NA,NA,NA,NA,NA,NA,N.J. Stat. Ann. § 34:15-31.8(II),https://law.justia.com/codes/new-jersey/2022/title-34/section-34-15-31-6/,"Applies to 'public safety worker' which includes paid, partially-paid, and volunteer police departments including State Police, and correctional facility officers. Same inoculation program scope as firefighter row.",NA,https://www.iaff.org/presumptive-health/nj/,2026-05-23
NM,New Mexico,cancer,"brain cancer, bladder cancer, kidney cancer, colorectal cancer, colon cancer, non-Hodgkin's lymphoma, leukemia, ureter cancer, testicular cancer, breast cancer, esophageal cancer, multiple myeloma, cervical cancer, lung cancer, malignant melanoma, mesothelioma, ovarian cancer, prostate cancer, skin cancer, stomach cancer, thyroid cancer (21 types; expanded from 11 by Laws 2026, Ch. 36 / HB 128, eff. approx. May 20, 2026)",firefighter,statute,TRUE,TRUE,5,TRUE,NA,NA,FALSE,NA,NA,N.M. Stat. Ann. § 52-3-32.1(B),https://www.nmlegis.gov/Sessions/26%20Regular/final/HB0128.pdf,"Laws 2026, Ch. 36 (HB 128, signed March 5, 2026, effective approximately May 20, 2026) expanded the cancer list from 11 to 21 types and standardized the minimum service period to 5 years for all types (previously 5–15 years per type). Also removed age caps for testicular and breast cancer. Applies only to full-time non-volunteer firefighters employed by state or local government who have taken the firefighter oath. Condition must not have been revealed during pre-employment or subsequent OSHA medical screening. Rebuttable by preponderance of evidence.",NA,https://www.iaff.org/presumptive-health/nm/,2026-05-23
NM,New Mexico,cardiovascular,heart injury or stroke suffered within 24 hours of specified firefighting or emergency activities,firefighter,statute,TRUE,TRUE,NA,TRUE,NA,NA,TRUE,Heart injury or stroke must occur within 24 hours of triggering activity,NA,N.M. Stat. Ann. § 52-3-32.1(D),https://www.nmlegis.gov/Sessions/26%20Regular/final/HB0128.pdf,"Applies only to full-time non-volunteer firefighters employed by state or local government who have taken the firefighter oath. Event-specific presumption: heart injury or stroke must occur within 24 hours of: fighting a fire, responding to an alarm, returning from an alarm call, engaging in supervised physical training, or responding to/performing in a non-fire emergency. Presumption does NOT apply if employer lacks a current physical training program AND firefighter lacks a current OSHA medical screening allowing participation in that program. Rebuttable by preponderance of evidence.",NA,https://www.iaff.org/presumptive-health/nm/,2026-05-23
NM,New Mexico,infectious,"hepatitis, tuberculosis, diphtheria, meningococcal disease, methicillin-resistant Staphylococcus aureus (MRSA)",firefighter,statute,TRUE,TRUE,NA,TRUE,NA,NA,FALSE,Condition must appear and be diagnosed after entry into employment,NA,N.M. Stat. Ann. § 52-3-32.1(B)(12),https://www.nmlegis.gov/Sessions/26%20Regular/final/HB0128.pdf,Applies only to full-time non-volunteer firefighters employed by state or local government who have taken the firefighter oath. No minimum years-of-service threshold stated for infectious diseases — condition must appear and be diagnosed after entry into employment. Condition must not have been revealed during pre-employment or subsequent OSHA medical screening. Rebuttable by preponderance of evidence showing firefighter's outside conduct posed significant risk.,NA,https://www.iaff.org/presumptive-health/nm/,2026-05-23
NM,New Mexico,mental,"post-traumatic stress disorder (PTSD) resulting in physical impairment, primary or secondary mental impairment, or death",firefighter,statute,TRUE,TRUE,NA,TRUE,NA,NA,FALSE,NA,NA,N.M. Stat. Ann. § 52-3-32.1(B)(13),https://www.nmlegis.gov/Sessions/26%20Regular/final/HB0128.pdf,"Applies only to full-time non-volunteer firefighters employed by state or local government who have taken the firefighter oath. PTSD must be diagnosed by a physician or psychologist and must result in physical impairment, primary or secondary mental impairment, or death. No minimum years-of-service threshold. Condition must not have been revealed during pre-employment or subsequent OSHA medical screening. Rebuttable by preponderance of evidence.",NA,https://www.iaff.org/presumptive-health/nm/,2026-05-23
NV,Nevada,cancer,"Bladder, brain, breast, colon, esophageal, Hodgkin's lymphoma, kidney, leukemia, liver, lung, lymphatic/haematopoietic, basal cell carcinoma, squamous cell carcinoma, malignant melanoma, multiple myeloma, nasopharyngeal/laryngeal/pharyngeal, non-Hodgkin's lymphoma, ovarian, pancreatic, prostate, rectal, soft tissue sarcoma, stomach, testicular, thyroid, urinary tract/ureteral, uterine",firefighter,statute,TRUE,TRUE,5,NA,NA,"For retirements before 7/1/2019: 3 months per year of service, max 60 months. For retirements on/after 7/1/2019: if <20 years service, period equal to years worked; if >=20 years, lifetime coverage. Presumption applies if diagnosed during employment unconditionally.",FALSE,NA,NA,NRS 617.453,https://nevada.public.law/statutes/nrs_617.453,"Exposure to known or reasonably anticipated carcinogen must also be demonstrated. Subsection 2 provides a non-exclusive list of carcinogen-cancer associations. For post-retirement claims under sub. 7 (retirements on/after 7/1/2019): compensation limited to medical benefits only, no wage-loss benefits. Pre-employment exam not required per statute text for cancer (distinguished from lung/heart).",NA,https://www.iaff.org/presumptive-health/nv/,2026-05-23
NV,Nevada,cancer,"Bladder, brain, breast, colon, esophageal, Hodgkin's lymphoma, kidney, leukemia, liver, lung, lymphatic/haematopoietic, basal cell carcinoma, squamous cell carcinoma, malignant melanoma, multiple myeloma, nasopharyngeal/laryngeal/pharyngeal, non-Hodgkin's lymphoma, ovarian, pancreatic, prostate, rectal, soft tissue sarcoma, stomach, testicular, thyroid, urinary tract/ureteral, uterine",firefighter_volunteer,statute,TRUE,TRUE,5,NA,60,"3 months per year of service, max 60 months (volunteer firefighters always governed by pre-7/1/2019 formula regardless of retirement date)",FALSE,NA,NA,NRS 617.453,https://nevada.public.law/statutes/nrs_617.453,"Volunteer firefighters must be entitled to WC benefits under NRS 616A.145. Post-termination formula for volunteers is always the pre-7/1/2019 formula (3 months/year, max 60 months). Exposure to known carcinogen must also be demonstrated.",NA,https://www.iaff.org/presumptive-health/nv/,2026-05-23
NV,Nevada,cardiovascular,Diseases of the heart,firefighter,statute,TRUE,FALSE,5,TRUE,NA,NA,NA,NA,NA,NRS 617.457,https://nevada.public.law/statutes/nrs_617.457,"Conclusive (irrebuttable) presumption for full-time continuous, uninterrupted and salaried firefighters with 5+ years before date of disablement. Annual physical exam including heart exam required. Failure to correct predisposing conditions when ordered may exclude employee. Claims may be reopened at any time during claimant's life for changed circumstances. NRS 616C.180 (mental injury/stress) does not apply to claimants under this section (subsection 7 of 616C.180).",NA,https://www.iaff.org/presumptive-health/nv/,2026-05-23
NV,Nevada,cardiovascular,Diseases of the heart caused by extreme overexertion in times of stress or danger,firefighter_volunteer,statute,TRUE,TRUE,5,FALSE,NA,NA,NA,NA,NA,NRS 617.457,https://nevada.public.law/statutes/nrs_617.457,Volunteer firefighters covered under subsection 2 (not the conclusive presumption in subsection 1). Requires causal relationship by competent evidence that disability/death arose from performance of volunteer duties. Age limit: must not have reached age 55 before disease onset. Physical exam required once every 3 years after initial examination (subsection 4). Volunteer must be entitled to WC benefits under NRS 616A.145.,NA,https://www.iaff.org/presumptive-health/nv/,2026-05-23
NV,Nevada,cardiovascular,Diseases of the heart,law_enforcement,statute,TRUE,FALSE,5,TRUE,NA,NA,NA,NA,NA,NRS 617.457,https://nevada.public.law/statutes/nrs_617.457,"Conclusive (irrebuttable) presumption for full-time continuous, uninterrupted and salaried police officers with 5+ years before date of disablement. Annual physical exam including heart exam required.",NA,https://www.iaff.org/presumptive-health/nv/,2026-05-23
NV,Nevada,respiratory,"Diseases of the lungs caused by exposure to heat, smoke, fumes, tear gas, or other noxious gases",firefighter,statute,TRUE,FALSE,5,TRUE,NA,NA,NA,NA,NA,NRS 617.455,https://nevada.public.law/statutes/nrs_617.455,"Conclusive (irrebuttable) presumption for full-time salaried firefighters with 5+ years continuous uninterrupted service. 2-year minimum service threshold for non-conclusive compensability. Pre-employment exam required (periodic exams also required — every even year until 40, then annually). Failure to correct predisposing conditions when ordered may exclude the employee. Partial disability may elect permanent total disability benefit under NRS 616C.440. CONFIRMED (2026-08-07 research): SB 7 (36th Special Session, 2025, prefiled Nov. 15, 2025) amended NRS 617.455 so the conclusive presumption available to long-tenured (2+ years) firefighters/police/arson investigators is no longer conditioned on the disease having been caused by exposure to heat, smoke, fumes, tear gas, or other noxious gases -- severing the exposure-causation link from the conclusive-presumption pathway. Applies retroactively to claims filed on or before the act's effective date, meaning it can revive previously denied lung-disease claims that failed for lack of a proven exposure link.",NA,https://www.iaff.org/presumptive-health/nv/,2026-05-23
NV,Nevada,respiratory,"Diseases of the lungs caused by exposure to heat, smoke, fumes, tear gas, or other noxious gases",firefighter_volunteer,statute,TRUE,TRUE,2,FALSE,NA,NA,NA,NA,NA,NRS 617.455,https://nevada.public.law/statutes/nrs_617.455,"Volunteers are not required to take the thorough lung-function test component of the physical exam (subsection 3). Conclusive presumption under subsection 5 applies only to 'full-time continuous, uninterrupted and salaried' firefighters, so volunteers have the base compensability provision only (2-year threshold, causal relationship needed).",NA,https://www.iaff.org/presumptive-health/nv/,2026-05-23
NV,Nevada,respiratory,"Diseases of the lungs caused by exposure to heat, smoke, fumes, tear gas, or other noxious gases",law_enforcement,statute,TRUE,FALSE,5,TRUE,NA,NA,NA,NA,NA,NRS 617.455,https://nevada.public.law/statutes/nrs_617.455,"Conclusive (irrebuttable) presumption for full-time salaried police officers with 5+ years continuous uninterrupted service before date of disablement. Same physical exam requirements as firefighters apply. CONFIRMED (2026-08-07 research): SB 7 (36th Special Session, 2025, prefiled Nov. 15, 2025) amended NRS 617.455 so the conclusive presumption available to long-tenured (2+ years) firefighters/police/arson investigators is no longer conditioned on the disease having been caused by exposure to heat, smoke, fumes, tear gas, or other noxious gases -- severing the exposure-causation link from the conclusive-presumption pathway. Applies retroactively to claims filed on or before the act's effective date, meaning it can revive previously denied lung-disease claims that failed for lack of a proven exposure link.",NA,https://www.iaff.org/presumptive-health/nv/,2026-05-23
NV,Nevada,infectious,"Hepatitis A, Hepatitis B, Hepatitis C",firefighter,statute,TRUE,FALSE,5,TRUE,12,NA,FALSE,"Post-employment coverage: diagnosis within 1 year after last day of employment. If diagnosed with hepatitis upon employment, covered only if a different strain is diagnosed during or within 1 year after last day.",NA,NRS 617.485,https://nevada.public.law/statutes/nrs_617.485,Conclusive (irrebuttable) presumption for salaried firefighters with 5+ continuous years before date of disability/death. Annual blood tests required (hepatitis C annually; hepatitis A and B annually unless vaccinated). Employer must provide and pay for vaccination for A and B. Persons diagnosed with hepatitis upon employment are excluded unless a different hepatitis strain is later diagnosed.,NA,https://www.iaff.org/presumptive-health/nv/,2026-05-23
NV,Nevada,infectious,"Hepatitis A, Hepatitis B, Hepatitis C, tuberculosis, HIV/AIDS",firefighter,statute,TRUE,TRUE,NA,NA,NA,NA,NA,"Employee must report exposure to employer per employer's reporting requirements; test within 72 hours (must be negative), then retest after incubation period but no later than 12 months after exposure (must be positive)",NA,NRS 617.481,https://nevada.public.law/statutes/nrs_617.481,"Coverage under 617.481 requires demonstrated exposure during course and scope of employment, reporting to employer, and a two-step testing protocol. Employee excluded if: refuses testing, is eligible for other WC benefits, or clear and convincing evidence shows disease did not arise from employment. 'Exposure' defined as introduction of blood/infectious materials via skin, eye, mucous membrane, or parenteral contact; includes airborne TB contact.",NA,https://www.iaff.org/presumptive-health/nv/,2026-05-23
NV,Nevada,infectious,"Hepatitis A, Hepatitis B, Hepatitis C",emt_paramedic,statute,TRUE,FALSE,5,TRUE,12,NA,FALSE,Post-employment coverage: diagnosis within 1 year after last day of employment.,NA,NRS 617.485,https://nevada.public.law/statutes/nrs_617.485,Conclusive (irrebuttable) presumption for emergency medical attendants (licensed attendants or certified EMTs/advanced EMTs under NRS chapter 450B whose primary duties are emergency medical services) with 5+ continuous years. Same exam/vaccination requirements.,NA,https://www.iaff.org/presumptive-health/nv/,2026-05-23
NV,Nevada,infectious,"Hepatitis A, Hepatitis B, Hepatitis C, tuberculosis, HIV/AIDS",emt_paramedic,statute,TRUE,TRUE,NA,NA,NA,NA,NA,"Employee must report exposure to employer; test within 72 hours (negative), retest after incubation period but no later than 12 months after exposure (positive)",NA,NRS 617.481,https://nevada.public.law/statutes/nrs_617.481,Same two-step exposure/testing protocol. 617.481 covers any employee in Nevada who contracts a listed contagious disease during course and scope of employment; EMTs/paramedics employed by public safety agencies are included.,NA,https://www.iaff.org/presumptive-health/nv/,2026-05-23
NV,Nevada,infectious,"Hepatitis A, Hepatitis B, Hepatitis C",law_enforcement,statute,TRUE,FALSE,5,TRUE,12,NA,FALSE,Post-employment coverage: diagnosis within 1 year after last day of employment. Different-strain exception applies.,NA,NRS 617.485,https://nevada.public.law/statutes/nrs_617.485,"Conclusive (irrebuttable) presumption for police officers with 5+ continuous years before date of disability/death. Includes sheriffs, deputy sheriffs, metropolitan police officers, and city police. Same exam/vaccination requirements as firefighters.",NA,https://www.iaff.org/presumptive-health/nv/,2026-05-23
NV,Nevada,infectious,"Hepatitis A, Hepatitis B, Hepatitis C, tuberculosis, HIV/AIDS",law_enforcement,statute,TRUE,TRUE,NA,NA,NA,NA,NA,"Employee must report exposure to employer; test within 72 hours (negative), retest after incubation period but no later than 12 months after exposure (positive)",NA,NRS 617.481,https://nevada.public.law/statutes/nrs_617.481,Same two-step exposure/testing protocol as firefighters. 617.481 covers any 'person employed in this State' who contracts a contagious disease during course and scope of employment; police officers are included by the general employment definition.,NA,https://www.iaff.org/presumptive-health/nv/,2026-05-23
NV,Nevada,mental,"Mental injury caused by extreme stress from directly witnessing death/grievous bodily harm, or responding to mass casualty incident",firefighter,statute,TRUE,TRUE,NA,NA,NA,NA,NA,NA,NA,NRS 616C.180,https://nevada.public.law/statutes/nrs_616c.180,"IMPORTANT: NRS 616C.180 is NOT a traditional burden-shifting presumption. The claimant still bears the burden of proving by clear and convincing medical and psychiatric evidence that the PTSD is work-related. This statute provides a reduced evidentiary threshold, not a shift in the burden of proof. Not a pure presumption — requires clear and convincing medical/psychiatric evidence that employee has a mental injury caused by extreme stress from directly witnessing: (1) death/aftermath of violent event (homicide, suicide, mass casualty), or (2) grievous bodily harm shocking the conscience. Also covers responding to a mass casualty incident for state/political subdivision employees. Does not apply to claimants under NRS 617.457 (heart disease). Employer must provide mental health educational training to first responders including volunteers. Salaried and volunteer firefighters, police officers, emergency dispatchers, and EMTs/paramedics employed by public safety agencies are covered as 'first responders.'",NA,https://www.iaff.org/presumptive-health/nv/,2026-05-23
NV,Nevada,mental,"Mental injury caused by extreme stress from directly witnessing death/grievous bodily harm, or responding to mass casualty incident",firefighter_volunteer,statute,TRUE,TRUE,NA,NA,NA,NA,NA,NA,NA,NRS 616C.180,https://nevada.public.law/statutes/nrs_616c.180,"IMPORTANT: NRS 616C.180 is NOT a traditional burden-shifting presumption. The claimant still bears the burden of proving by clear and convincing medical and psychiatric evidence that the PTSD is work-related. This statute provides a reduced evidentiary threshold, not a shift in the burden of proof. Definition of 'first responder' explicitly includes volunteer firefighters. Same evidentiary standards as salaried firefighters.",NA,https://www.iaff.org/presumptive-health/nv/,2026-05-23
NV,Nevada,mental,"Mental injury caused by extreme stress from directly witnessing death/grievous bodily harm, or responding to mass casualty incident",emt_paramedic,statute,TRUE,TRUE,NA,NA,NA,NA,NA,NA,NA,NRS 616C.180,https://nevada.public.law/statutes/nrs_616c.180,"IMPORTANT: NRS 616C.180 is NOT a traditional burden-shifting presumption. The claimant still bears the burden of proving by clear and convincing medical and psychiatric evidence that the PTSD is work-related. This statute provides a reduced evidentiary threshold, not a shift in the burden of proof. EMTs and paramedics employed by a public safety agency in Nevada are explicitly included in the 'first responder' definition under subsection 8(b)(4).",NA,https://www.iaff.org/presumptive-health/nv/,2026-05-23
NV,Nevada,mental,"Mental injury caused by extreme stress from directly witnessing death/grievous bodily harm, or responding to mass casualty incident",law_enforcement,statute,TRUE,TRUE,NA,NA,NA,NA,NA,NA,NA,NRS 616C.180,https://nevada.public.law/statutes/nrs_616c.180,"IMPORTANT: NRS 616C.180 is NOT a traditional burden-shifting presumption. The claimant still bears the burden of proving by clear and convincing medical and psychiatric evidence that the PTSD is work-related. This statute provides a reduced evidentiary threshold, not a shift in the burden of proof. Police officers are explicitly included in the 'first responder' definition. Also covers emergency dispatchers/call takers employed by law enforcement or public safety agencies.",NA,https://www.iaff.org/presumptive-health/nv/,2026-05-23
NY,New York,cancer,"Melanoma; cancers of the lymphatic, digestive, hematological, urinary, neurological, breast, reproductive, and endocrine/thyroid systems, and prostate cancer (NYC only — City of New York uniformed fire force, including retirees within 5 years of retirement)",firefighter,pension,TRUE,TRUE,NA,NA,60,Retirees within 5 years of retirement remain eligible,NA,NA,NA,N.Y. Gen. Mun. Law § 207-kk,https://www.nysenate.gov/legislation/laws/GMU/207-KK,"This is parallel to, and separate from, the statewide RSSL § 363-d track (which explicitly does not apply to New York City) but covers the same list of cancers. A 2003 NY Comptroller opinion noted this provision was 'scheduled to expire' July 1, 2005, like § 363-d, but unlike the § 207-k heart provision, § 207-kk has clearly been kept alive and actively amended since then (Ch. 531, Laws of 2003, and a 2023-2024 amendment, S.7289-A/A.1999, adding endocrine/thyroid cancers) — good evidence this provision remains active.",NA,https://www.iaff.org/presumptive-health/ny/,2026-07-02
NY,New York,cancer,"Melanoma; cancers of the lymphatic, digestive, hematological, urinary, neurological, breast, reproductive, endocrine/thyroid, and prostate systems",firefighter,statute,TRUE,TRUE,NA,TRUE,NA,NA,NA,NA,NA,NY Retirement and Social Security Law § 363-d,https://www.nysenate.gov/legislation/laws/RSS/363-D,"Applies to NYSLPFRS localities outside New York City. New York City operates its own uniformed pension funds under General Municipal Law Article 10, not RSSL — see the separate NYC-specific rows for this state. CONFIRMED ACTIVE (2026-08-07 research): § 363-d's current statutory text cross-references § 480 directly and no longer relies on the 2005 sunset date at all -- this resolves the prior needs_verification flag. (Note: the parallel § 363-f lung/respiratory revival is still only inferred, not directly annotated in the statute -- see the respiratory/firefighter row, which remains flagged.) Pre-employment exam required. Covers paid firefighters only.",NA,https://www.iaff.org/presumptive-health/ny/,2026-05-27
NY,New York,cancer,"Prostate, breast, lymphatic, hematological, digestive, urinary, neurological, and reproductive-system cancers, and melanoma (volunteer firefighters, statewide)",firefighter_volunteer,employer_benefit,TRUE,NA,5,TRUE,NA,NA,NA,NA,NA,N.Y. Gen. Mun. Law § 205-cc (Volunteer Firefighter Enhanced Cancer Disability Benefits Program),NA,"NOTE: This is not a workers' compensation or pension presumption — it is a mandatory employer-purchased insurance benefit program (lump-sum, income-protection, and death benefits on qualifying diagnosis), structurally similar to Florida's § 112.1816 program. Enacted 2017; implementing regulations (9 NYCRR Part 210) adopted 2018-10-17; fire districts/departments had to show proof of qualifying coverage by 2019-01-01. Requires 5+ years of 'faithful and actual' interior structural firefighting service, a clean entry physical, and annual certified mask-fit testing. Coverage must run until 60 months after a district/department no longer has any volunteer firefighter who could qualify.",NA,https://www.iaff.org/presumptive-health/ny/,2026-07-02
NY,New York,cancer,"Enhanced cancer disability and death benefit (volunteer EMS members only, statewide)",emt_paramedic,employer_benefit,TRUE,NA,5,TRUE,NA,NA,NA,NA,NA,N.Y. Volunteer Ambulance Workers' Benefit Law (enhanced cancer benefit provision),NA,"IMPORTANT: applies to VOLUNTEER EMS members only — tagged under the shared emt_paramedic category because this dataset has no separate volunteer-EMS responder type. NOTE: This is a mandatory benefit program, not a presumption — parallel in structure to the volunteer-firefighter GML § 205-cc benefit. Includes a $50,000 enhanced cancer death benefit. Requires 5+ years of service and a clean entry physical.",NA,https://www.iaff.org/presumptive-health/ny/,2026-07-02
NY,New York,cardiovascular,Diseases of the heart,firefighter,statute,TRUE,TRUE,NA,TRUE,NA,NA,NA,NA,NA,NY Retirement and Social Security Law § 363-a,https://www.nysenate.gov/legislation/laws/RSS/363-A,"Applies to NYSLPFRS localities outside New York City. New York City operates its own uniformed pension funds under General Municipal Law Article 10, not RSSL — see the separate NYC-specific rows for this state. Statute nominally expired August 31, 1976 but kept alive per § 480. Member must have passed pre-entry physical that failed to reveal evidence of heart disease. Covers any member performing 'fire service' as defined in the retirement system (§ 302(11)(a,b,c,d,g,h)). Presumption is rebuttable by competent evidence.",NA,https://www.iaff.org/presumptive-health/ny/,2026-05-23
NY,New York,cardiovascular,Diseases of the heart (NYC only — City of New York uniformed police/fire force),firefighter,pension,TRUE,TRUE,NA,TRUE,NA,NA,NA,NA,NA,N.Y. Gen. Mun. Law § 207-k,https://www.nysenate.gov/legislation/laws/GMU/207-K,"Applies to paid members of the uniformed force of a paid police or fire department drawn from competitive civil-service lists, in cities meeting the statute's population and civil-service criteria — functionally New York City only. This is parallel to, and separate from, the statewide RSSL § 363-a track. Requires a clean pre-entry physical. The statute text carries a nominal 'expired July 1, 1973' notation, and no equivalent to the RSSL § 480 extension mechanism has been identified for it, so its current force-and-effect status is more uncertain than the statewide RSSL provisions. This provision does not apply to Workers' Compensation Law or Labor Law claims — it operates purely as a pension-disability determination.",GML § 207-k carries a nominal 1973 expiration with no identified extension mechanism — current legal force is unconfirmed and needs independent verification before being treated as settled,https://www.iaff.org/presumptive-health/ny/,2026-07-02
NY,New York,cardiovascular,"Coronary artery disease / heart disease (volunteer firefighters, statewide)",firefighter_volunteer,statute,TRUE,TRUE,NA,NA,NA,NA,NA,NA,NA,N.Y. Volunteer Firefighters' Benefit Law § 61,NA,"Originally enacted in 1977. This is a rebuttable presumption: the claim must be paid unless there is 'substantial evidence' that the firefighter's duties did not cause the condition. It carries a recurring 5-year sunset clause, most recently extended to June 30, 2030 by Chapter 143, Laws of 2025 (S.8011, signed 2025-06-18), with prior renewals in 2003, 2010, 2015, and 2020. A companion 2025 bill (S.1663) proposed making the presumption permanent instead of subject to further 5-year renewals; its final disposition has not been confirmed.",NA,https://www.iaff.org/presumptive-health/ny/,2026-07-02
NY,New York,cardiovascular,"Coronary artery disease / heart disease (volunteer EMS members only, statewide; expedited 90-day claim decision)",emt_paramedic,statute,TRUE,TRUE,NA,TRUE,NA,NA,NA,Expedited 90-day claim decision requirement,NA,N.Y. Volunteer Ambulance Workers' Benefit Law (heart presumption provision),NA,Applies to volunteer EMS members only — grouped here under the shared EMT/paramedic category because this dataset does not have a separate volunteer-EMS responder type (unlike firefighter vs. volunteer firefighter). This is the only EMS disease presumption identified for New York; career (non-volunteer) EMS/paramedics have no identified disease presumption in New York outside the PTSD pathway under Workers' Compensation Law § 10(3)(c). Requires a clean entry physical.,NA,https://www.iaff.org/presumptive-health/ny/,2026-07-02
NY,New York,cardiovascular,Diseases of the heart,law_enforcement,statute,TRUE,TRUE,NA,TRUE,NA,NA,TRUE,NA,NA,NY Retirement and Social Security Law § 363-a,https://www.nysenate.gov/legislation/laws/RSS/363-A,"Applies to NYSLPFRS localities outside New York City. New York City operates its own uniformed pension funds under General Municipal Law Article 10, not RSSL — see the separate NYC-specific rows for this state. Statute nominally expired August 31, 1976 but kept alive per § 480. Applies to 'recently employed' policeman who sustains disability while employed. Member must have passed pre-entry physical showing no heart disease. Presumption is rebuttable by competent evidence.",NA,https://www.iaff.org/presumptive-health/ny/,2026-05-23
NY,New York,cardiovascular,Diseases of the heart (NYC only — City of New York uniformed police/fire force),law_enforcement,pension,TRUE,TRUE,NA,TRUE,NA,NA,NA,NA,NA,N.Y. Gen. Mun. Law § 207-k,https://www.nysenate.gov/legislation/laws/GMU/207-K,"Applies to paid members of the uniformed force of a paid police or fire department drawn from competitive civil-service lists, in cities meeting the statute's population and civil-service criteria — functionally New York City only. This is parallel to, and separate from, the statewide RSSL § 363-a track. Requires a clean pre-entry physical. The statute text carries a nominal 'expired July 1, 1973' notation, and no equivalent to the RSSL § 480 extension mechanism has been identified for it, so its current force-and-effect status is more uncertain than the statewide RSSL provisions. This provision does not apply to Workers' Compensation Law or Labor Law claims — it operates purely as a pension-disability determination.",GML § 207-k carries a nominal 1973 expiration with no identified extension mechanism — current legal force is unconfirmed and needs independent verification before being treated as settled,https://www.iaff.org/presumptive-health/ny/,2026-07-02
NY,New York,respiratory,Diseases of the lung,firefighter,statute,TRUE,TRUE,NA,TRUE,NA,NA,NA,NA,NA,NY Retirement and Social Security Law § 363-f,https://www.nysenate.gov/legislation/laws/RSS/363-F,"The statute nominally expired July 1, 2008, but may be kept alive by NY RSS § 480, which extends all temporary retirement benefits expiring between 1974 and 2011 (the same mechanism that keeps the § 363-a cardiovascular presumption alive). Whether this provision is currently active has not been independently confirmed and may require legal verification. A pre-employment or subsequent physical is required showing no evidence of a lung condition. Applies to uniformed members of paid fire departments.","GML/RSS respiratory revival via § 480 is inferred rather than directly annotated in the current statutory text — lower confidence than the cancer (§ 363-d) revival, which is confirmed. Keep flagged pending an independent read of the enacted amendment.",https://www.iaff.org/presumptive-health/ny/,2026-05-27
NY,New York,infectious,"HIV, tuberculosis, hepatitis",firefighter,statute,TRUE,TRUE,NA,NA,NA,NA,NA,NA,NA,NY Retirement and Social Security Law § 363-dd,https://www.nysenate.gov/legislation/laws/RSS/363-DD,"Covers any police officer or firefighter covered by § 363 who contracts HIV, TB, or hepatitis after contact with members of the public where there may have been bodily fluid exposure. Presumption is rebuttable by competent evidence.",NA,https://www.iaff.org/presumptive-health/ny/,2026-05-23
NY,New York,infectious,"HIV, tuberculosis, hepatitis",law_enforcement,statute,TRUE,TRUE,NA,NA,NA,NA,NA,NA,NA,NY Retirement and Social Security Law § 363-dd,https://www.nysenate.gov/legislation/laws/RSS/363-DD,"Same provision as firefighters under § 363-dd. Covers police officers under § 363 who contract HIV, TB, or hepatitis after public contact with possible bodily fluid exposure. Rebuttable by competent evidence.",NA,https://www.iaff.org/presumptive-health/ny/,2026-05-23
NY,New York,mental,"Post-traumatic stress disorder, acute stress disorder, or major depressive disorder resulting from a distinct work-related emergency event",firefighter,statute,TRUE,NA,NA,NA,NA,NA,NA,NA,NA,N.Y. Workers' Compensation Law § 10(3)(c),https://www.nysenate.gov/legislation/laws/WKC/10,"A 2017 reform (WCB Subject No. 046-936) removed the 'no greater than similarly situated workers' bar for first-responder mental-injury claims arising from extraordinary work-related stress during emergencies. This was expanded to all covered employees by Ch. 546, Laws of 2024 (effective 2024-12-06), then narrowed back toward named first-responder categories (police, fire, EMT/paramedic, emergency dispatcher) by Ch. 79, Laws of 2025 (effective 2025-02-14). Diagnosis must be made by a licensed psychiatrist or psychologist using DSM criteria and tied to a distinct work-related event, not general cumulative stress.",Whether the February 2025 amendment (Ch. 79) retains any coverage for non-first-responder 'covered employees' is unresolved — secondary sources disagree; needs a direct read of enacted bill text,https://www.iaff.org/presumptive-health/ny/,2026-07-02
NY,New York,mental,"Post-traumatic stress disorder, acute stress disorder, or major depressive disorder resulting from a distinct work-related emergency event",emt_paramedic,statute,TRUE,NA,NA,NA,NA,NA,NA,NA,NA,N.Y. Workers' Compensation Law § 10(3)(c),https://www.nysenate.gov/legislation/laws/WKC/10,"A 2017 reform (WCB Subject No. 046-936) removed the 'no greater than similarly situated workers' bar for first-responder mental-injury claims arising from extraordinary work-related stress during emergencies. This was expanded to all covered employees by Ch. 546, Laws of 2024 (effective 2024-12-06), then narrowed back toward named first-responder categories (police, fire, EMT/paramedic, emergency dispatcher) by Ch. 79, Laws of 2025 (effective 2025-02-14). Diagnosis must be made by a licensed psychiatrist or psychologist using DSM criteria and tied to a distinct work-related event, not general cumulative stress.",Whether the February 2025 amendment (Ch. 79) retains any coverage for non-first-responder 'covered employees' is unresolved — secondary sources disagree; needs a direct read of enacted bill text,https://www.iaff.org/presumptive-health/ny/,2026-07-02
NY,New York,mental,"Post-traumatic stress disorder, acute stress disorder, or major depressive disorder resulting from a distinct work-related emergency event",law_enforcement,statute,TRUE,NA,NA,NA,NA,NA,NA,NA,NA,N.Y. Workers' Compensation Law § 10(3)(c),https://www.nysenate.gov/legislation/laws/WKC/10,"A 2017 reform (WCB Subject No. 046-936) removed the 'no greater than similarly situated workers' bar for first-responder mental-injury claims arising from extraordinary work-related stress during emergencies. This was expanded to all covered employees by Ch. 546, Laws of 2024 (effective 2024-12-06), then narrowed back toward named first-responder categories (police, fire, EMT/paramedic, emergency dispatcher) by Ch. 79, Laws of 2025 (effective 2025-02-14). Diagnosis must be made by a licensed psychiatrist or psychologist using DSM criteria and tied to a distinct work-related event, not general cumulative stress.",Whether the February 2025 amendment (Ch. 79) retains any coverage for non-first-responder 'covered employees' is unresolved — secondary sources disagree; needs a direct read of enacted bill text,https://www.iaff.org/presumptive-health/ny/,2026-07-02
NY,New York,other,Parkinson's Disease,firefighter,statute,TRUE,TRUE,NA,TRUE,NA,NA,NA,NA,NA,NY Retirement and Social Security Law § 363-ff,https://www.nysenate.gov/legislation/laws/RSS/363-FF,Covers paid firefighters. Pre-employment exam required showing no evidence of Parkinson's Disease. Disability or death covered. Rebuttable by competent evidence.,NA,https://www.iaff.org/presumptive-health/ny/,2026-05-23
OH,Ohio,cancer,cancer caused by exposure to IARC Group 1 or 2A carcinogens,firefighter,statute,TRUE,TRUE,6,NA,180,NA,NA,Presumption does not apply if more than 20 years since last assigned to hazardous duty,TRUE,Ohio Revised Code § 4123.68(X),https://codes.ohio.gov/ohio-revised-code/section-4123.68,"Rebuttable if: (1) outside-duty tobacco/high-risk exposure was probably a significant factor; (2) no IARC 1/2A carcinogen exposure shown; (3) cancer preexisted employment; (4) firefighter is age 70 or older. Applies to hazardous duty firefighters only. 'Hazardous duty' defined per 5 C.F.R. 550.902. Lookback period: presumption does not apply if more than 15 years (180 months) have passed since last assigned to hazardous duty (per HB 27, eff. September 29, 2017; prior data incorrectly showed 20 years).",NA,https://www.iaff.org/presumptive-health/oh/,2026-05-23
OH,Ohio,cardiovascular,"cardiovascular disease caused by cumulative exposure to heat, smoke, toxic gases, chemical fumes and other toxic substances",firefighter,statute,TRUE,TRUE,NA,NA,NA,NA,NA,"Compensation payable only if disability/death results within 8 years after last injurious exposure (8-year limit does not apply to exposures occurring after January 1, 1976)",NA,Ohio Revised Code § 4123.68(W),https://codes.ohio.gov/ohio-revised-code/section-4123.68,"Covers paid and volunteer firefighters. Applies to exposures after January 1, 1967. Requires prior injurious exposure in Ohio employment. Requires referral to qualified medical specialist before award. Compensation only for temp total, perm total, or death.",NA,https://www.iaff.org/presumptive-health/oh/,2026-05-23
OH,Ohio,cardiovascular,"cardiovascular disease caused by cumulative exposure to heat, smoke, toxic gases, chemical fumes and other toxic substances",law_enforcement,statute,TRUE,TRUE,NA,NA,NA,NA,NA,"Compensation payable only if disability/death results within 8 years after last injurious exposure (8-year limit does not apply to exposures occurring after January 1, 1976)",NA,Ohio Revised Code § 4123.68(W),https://codes.ohio.gov/ohio-revised-code/section-4123.68,"Covers paid and volunteer police officers (municipal, township, county). Requires prior injurious exposure in Ohio employment after January 1, 1967.",NA,https://www.iaff.org/presumptive-health/oh/,2026-05-23
OH,Ohio,respiratory,"pulmonary or respiratory disease caused by cumulative exposure to heat, smoke, toxic gases, chemical fumes and other toxic substances",firefighter,statute,TRUE,TRUE,NA,NA,NA,NA,NA,"Compensation payable only if disability/death results within 8 years after last injurious exposure (8-year limit does not apply to exposures occurring after January 1, 1976)",NA,Ohio Revised Code § 4123.68(W),https://codes.ohio.gov/ohio-revised-code/section-4123.68,"Covers paid and volunteer firefighters. Applies to exposures after January 1, 1967. Requires prior injurious exposure in Ohio employment. Requires referral to qualified medical specialist before award. Compensation only for temp total, perm total, or death.",NA,https://www.iaff.org/presumptive-health/oh/,2026-05-23
OH,Ohio,respiratory,"pulmonary or respiratory disease caused by cumulative exposure to heat, smoke, toxic gases, chemical fumes and other toxic substances",law_enforcement,statute,TRUE,TRUE,NA,NA,NA,NA,NA,"Compensation payable only if disability/death results within 8 years after last injurious exposure (8-year limit does not apply to exposures occurring after January 1, 1976)",NA,Ohio Revised Code § 4123.68(W),https://codes.ohio.gov/ohio-revised-code/section-4123.68,"Covers paid and volunteer police officers (municipal, township, county). Requires prior injurious exposure in Ohio employment after January 1, 1967.",NA,https://www.iaff.org/presumptive-health/oh/,2026-05-23
OH,Ohio,mental,"post-traumatic stress disorder (PTSD), without an accompanying physical injury",firefighter,statute,TRUE,NA,NA,NA,NA,NA,NA,NA,NA,Ohio Rev. Code § 4123.01/§ 4123.87 (WC compensability pathway); § 126.65 (State Post-Traumatic Stress Fund),https://codes.findlaw.com/oh/title-i-state-government/oh-rev-code-sect-126-65/,"Two mechanisms were created together by H.B. 308 (133rd General Assembly, effective April 12, 2021): (1) a true workers' compensation pathway that amends the definition of ""injury"" (R.C. § 4123.01) so PTSD arising out of employment is compensable through the ordinary Bureau of Workers' Compensation claims process without an accompanying physical injury, removing Ohio's ""mental-mental bar"" for this occupational group (R.C. § 4123.87); and (2) a standalone State Post-Traumatic Stress Fund (R.C. § 126.65), a separate benefit fund covering ""public safety officers"" (paid and volunteer peace officers, paid and volunteer firefighters of a lawfully constituted fire department, and certified first responders/EMTs) for lost wages and medical, therapy, and hospital costs. The § 126.65 fund was left unfunded and administratively inoperative for nearly 5 years. H.B. 479 (136th General Assembly, the ""Kandice Straub First Responder PTSI Support Act,"" signed June 24, 2026) created a First Responder PTSI Fund Commission within the Department of Behavioral Health to write claims-processing rules and administer the fund, and appropriated $40 million for FY2027. As of August 2026, claims-processing rules had not yet been fully finalized, so the fund may not yet be usable in practice even though it exists on paper. Applies to full-time firefighters.",H.B. 479's claims-processing rules had not yet been promulgated as of the 2026-08-07 research date; the precise relationship between the § 4123.87 WC pathway and the § 126.65 fund (which a claimant uses when) is not fully confirmed against primary session-law text,https://www.iaff.org/presumptive-health/oh/,2026-08-07
OH,Ohio,mental,"post-traumatic stress disorder (PTSD), without an accompanying physical injury",firefighter_volunteer,statute,TRUE,NA,NA,NA,NA,NA,NA,NA,NA,Ohio Rev. Code § 4123.01/§ 4123.87 (WC compensability pathway); § 126.65 (State Post-Traumatic Stress Fund),https://codes.findlaw.com/oh/title-i-state-government/oh-rev-code-sect-126-65/,"Two mechanisms were created together by H.B. 308 (133rd General Assembly, effective April 12, 2021): (1) a true workers' compensation pathway that amends the definition of ""injury"" (R.C. § 4123.01) so PTSD arising out of employment is compensable through the ordinary Bureau of Workers' Compensation claims process without an accompanying physical injury, removing Ohio's ""mental-mental bar"" for this occupational group (R.C. § 4123.87); and (2) a standalone State Post-Traumatic Stress Fund (R.C. § 126.65), a separate benefit fund covering ""public safety officers"" (paid and volunteer peace officers, paid and volunteer firefighters of a lawfully constituted fire department, and certified first responders/EMTs) for lost wages and medical, therapy, and hospital costs. The § 126.65 fund was left unfunded and administratively inoperative for nearly 5 years. H.B. 479 (136th General Assembly, the ""Kandice Straub First Responder PTSI Support Act,"" signed June 24, 2026) created a First Responder PTSI Fund Commission within the Department of Behavioral Health to write claims-processing rules and administer the fund, and appropriated $40 million for FY2027. As of August 2026, claims-processing rules had not yet been fully finalized, so the fund may not yet be usable in practice even though it exists on paper. Volunteer firefighters are explicitly confirmed covered under the § 126.65 fund's eligibility rules (""paid and volunteer firefighters of a lawfully constituted fire department"").",H.B. 479's claims-processing rules had not yet been promulgated as of the 2026-08-07 research date; the precise relationship between the § 4123.87 WC pathway and the § 126.65 fund (which a claimant uses when) is not fully confirmed against primary session-law text,https://www.iaff.org/presumptive-health/oh/,2026-08-07
OH,Ohio,mental,"post-traumatic stress disorder (PTSD), without an accompanying physical injury",emt_paramedic,statute,TRUE,NA,NA,NA,NA,NA,NA,NA,NA,Ohio Rev. Code § 4123.01/§ 4123.87 (WC compensability pathway); § 126.65 (State Post-Traumatic Stress Fund),https://codes.findlaw.com/oh/title-i-state-government/oh-rev-code-sect-126-65/,"Two mechanisms were created together by H.B. 308 (133rd General Assembly, effective April 12, 2021): (1) a true workers' compensation pathway that amends the definition of ""injury"" (R.C. § 4123.01) so PTSD arising out of employment is compensable through the ordinary Bureau of Workers' Compensation claims process without an accompanying physical injury, removing Ohio's ""mental-mental bar"" for this occupational group (R.C. § 4123.87); and (2) a standalone State Post-Traumatic Stress Fund (R.C. § 126.65), a separate benefit fund covering ""public safety officers"" (paid and volunteer peace officers, paid and volunteer firefighters of a lawfully constituted fire department, and certified first responders/EMTs) for lost wages and medical, therapy, and hospital costs. The § 126.65 fund was left unfunded and administratively inoperative for nearly 5 years. H.B. 479 (136th General Assembly, the ""Kandice Straub First Responder PTSI Support Act,"" signed June 24, 2026) created a First Responder PTSI Fund Commission within the Department of Behavioral Health to write claims-processing rules and administer the fund, and appropriated $40 million for FY2027. As of August 2026, claims-processing rules had not yet been fully finalized, so the fund may not yet be usable in practice even though it exists on paper. Certified first responders and EMTs (basic, intermediate, and paramedic), paid or volunteer, are covered under the workers' compensation pathway (§ 4123.87) and the § 126.65 fund, but are not covered under Ohio's cancer (§ 4123.68(X)) or cardiovascular/respiratory (§ 4123.68(W)) presumptions, which are limited to firefighters and police only.",H.B. 479's claims-processing rules had not yet been promulgated as of the 2026-08-07 research date; the precise relationship between the § 4123.87 WC pathway and the § 126.65 fund (which a claimant uses when) is not fully confirmed against primary session-law text,https://www.iaff.org/presumptive-health/oh/,2026-08-07
OH,Ohio,mental,"post-traumatic stress disorder (PTSD), without an accompanying physical injury",law_enforcement,statute,TRUE,NA,NA,NA,NA,NA,NA,NA,NA,Ohio Rev. Code § 4123.01/§ 4123.87 (WC compensability pathway); § 126.65 (State Post-Traumatic Stress Fund),https://codes.findlaw.com/oh/title-i-state-government/oh-rev-code-sect-126-65/,"Two mechanisms were created together by H.B. 308 (133rd General Assembly, effective April 12, 2021): (1) a true workers' compensation pathway that amends the definition of ""injury"" (R.C. § 4123.01) so PTSD arising out of employment is compensable through the ordinary Bureau of Workers' Compensation claims process without an accompanying physical injury, removing Ohio's ""mental-mental bar"" for this occupational group (R.C. § 4123.87); and (2) a standalone State Post-Traumatic Stress Fund (R.C. § 126.65), a separate benefit fund covering ""public safety officers"" (paid and volunteer peace officers, paid and volunteer firefighters of a lawfully constituted fire department, and certified first responders/EMTs) for lost wages and medical, therapy, and hospital costs. The § 126.65 fund was left unfunded and administratively inoperative for nearly 5 years. H.B. 479 (136th General Assembly, the ""Kandice Straub First Responder PTSI Support Act,"" signed June 24, 2026) created a First Responder PTSI Fund Commission within the Department of Behavioral Health to write claims-processing rules and administer the fund, and appropriated $40 million for FY2027. As of August 2026, claims-processing rules had not yet been fully finalized, so the fund may not yet be usable in practice even though it exists on paper. Peace officers, paid and volunteer, are explicitly confirmed covered under the § 126.65 fund's eligibility rules.",H.B. 479's claims-processing rules had not yet been promulgated as of the 2026-08-07 research date; the precise relationship between the § 4123.87 WC pathway and the § 126.65 fund (which a claimant uses when) is not fully confirmed against primary session-law text,https://www.iaff.org/presumptive-health/oh/,2026-08-07
OK,Oklahoma,cancer,cancer (not revealed by pre-employment physical),firefighter,statute,TRUE,TRUE,NA,TRUE,NA,NA,NA,NA,NA,"Oklahoma Statutes Title 11, § 49-110",https://law.justia.com/codes/oklahoma/title-11/section-11-49-110/,Presumption is for disability pension purposes. Applies to municipal fire department members. No presumption if member fails to submit evidence of pre-employment physical. Rebuttable by competent evidence.,NA,https://www.iaff.org/presumptive-health/ok/,2026-05-23
OK,Oklahoma,cardiovascular,heart disease (heart disease not revealed by pre-employment physical),firefighter,statute,TRUE,TRUE,NA,TRUE,NA,NA,NA,NA,NA,"Oklahoma Statutes Title 11, § 49-110",https://law.justia.com/codes/oklahoma/title-11/section-11-49-110/,"Presumption is for disability pension purposes (pension system statute). Applies to municipal fire department members. No presumption if member fails to submit evidence of pre-employment physical. Presumption is rebuttable by competent evidence. Note: § 85A-14 (workers' comp system) requires cardiovascular events to be the major cause from extraordinary/unusual work exertion — not a presumption, effectively adverse to claimant.",NA,https://www.iaff.org/presumptive-health/ok/,2026-05-23
OK,Oklahoma,respiratory,injury to the respiratory system (not revealed by pre-employment physical),firefighter,statute,TRUE,TRUE,NA,TRUE,NA,NA,NA,NA,NA,"Oklahoma Statutes Title 11, § 49-110",https://law.justia.com/codes/oklahoma/title-11/section-11-49-110/,Presumption is for disability pension purposes. Applies to municipal fire department members. No presumption if member fails to submit evidence of pre-employment physical. Rebuttable by competent evidence.,NA,https://www.iaff.org/presumptive-health/ok/,2026-05-23
OK,Oklahoma,infectious,"infectious disease: hepatitis, HIV, meningitis, tuberculosis",firefighter,statute,TRUE,TRUE,NA,TRUE,NA,NA,NA,NA,NA,"Oklahoma Statutes Title 11, § 49-110",https://law.justia.com/codes/oklahoma/title-11/section-11-49-110/,"Infectious disease provisions effective November 10, 1999. Defined: hepatitis, HIV, meningitis, tuberculosis. No presumption if member fails to submit evidence of pre-employment physical. Rebuttable by competent evidence.",NA,https://www.iaff.org/presumptive-health/ok/,2026-05-23
OR,Oregon,cancer,"brain cancer, colon cancer, stomach cancer, testicular cancer, prostate cancer, multiple myeloma, non-Hodgkin's lymphoma, cancer of the throat or mouth, rectal cancer, breast cancer, leukemia, bladder cancer, gynecologic cancer (uterus, fallopian tubes, ovaries, cervix, vagina, vulva)",firefighter,statute,TRUE,TRUE,5,TRUE,84,NA,FALSE,Presumption does not apply to claims filed more than 84 months (7 years) after termination of nonvolunteer firefighter employment,TRUE,Oregon Revised Statutes § 656.802(5)(b),https://oregon.public.law/statutes/ors_656.802,"Applies only to NONVOLUNTEER firefighters (paid at or above state minimum wage). Expressly does NOT apply to volunteer firefighters. Diagnosis must be first by physician after July 1, 2009. Prostate cancer presumption does not apply if first diagnosed after age 55 (claimant may still prove without presumption). Tobacco rebuttable by clear and convincing evidence that tobacco was major contributing cause. Denial must be based on clear and convincing evidence condition was not caused or contributed to in material part by employment.",NA,https://www.iaff.org/presumptive-health/or/,2026-05-23
OR,Oregon,cardiovascular,hypertension or cardiovascular-renal disease,firefighter,statute,TRUE,TRUE,5,TRUE,NA,NA,NA,NA,NA,Oregon Revised Statutes § 656.802(5)(a),https://oregon.public.law/statutes/ors_656.802,Applies to firefighters of any political division with 5+ years employment. Pre-employment (or subsequent) physical must not have revealed evidence of condition. Denial must be based on clear and convincing medical evidence that cause is unrelated to employment. Amended by 2021 Act.,NA,https://www.iaff.org/presumptive-health/or/,2026-05-23
OR,Oregon,respiratory,disease of the lungs or respiratory tract,firefighter,statute,TRUE,TRUE,5,TRUE,NA,NA,NA,NA,NA,Oregon Revised Statutes § 656.802(5)(a),https://oregon.public.law/statutes/ors_656.802,"Applies to firefighters of any political division with 5+ years employment. Pre-employment (or subsequent) physical must not have revealed evidence of condition. Denial must be based on clear and convincing medical evidence that cause is unrelated to employment. Amended by 2021 Act, applies to claims filed on or after effective date.",NA,https://www.iaff.org/presumptive-health/or/,2026-05-23
OR,Oregon,mental,Post-traumatic stress disorder (PTSD) or acute stress disorder (DSM-5),firefighter,statute,TRUE,TRUE,5,FALSE,84,NA,FALSE,NA,NA,Oregon Revised Statutes § 656.802(7),https://oregon.public.law/statutes/ors_656.802,"ORS 656.802(7), enacted by SB 507 (effective September 29, 2019). Covers full-time paid firefighters, EMS providers, police officers, corrections/youth correction officers, parole/probation officers, and emergency dispatchers/9-1-1 operators. The condition is PTSD or acute stress disorder under DSM-5 criteria. Eligibility requires 5+ years of employment, or a single traumatic event meeting DSM-5 Criterion A, which waives the service requirement. The rebuttal standard is clear and convincing medical evidence that the person's duties were not of real importance in causing the condition. The claim window is 7 years, measured from either continued employment or separation.",NA,https://www.iaff.org/presumptive-health/or/,2026-06-04
OR,Oregon,mental,Post-traumatic stress disorder (PTSD) or acute stress disorder (DSM-5),emt_paramedic,statute,TRUE,TRUE,5,FALSE,84,NA,FALSE,NA,NA,Oregon Revised Statutes § 656.802(7),https://oregon.public.law/statutes/ors_656.802,"ORS 656.802(7), enacted by SB 507 (effective September 29, 2019). Covers full-time paid firefighters, EMS providers, police officers, corrections/youth correction officers, parole/probation officers, and emergency dispatchers/9-1-1 operators. The condition is PTSD or acute stress disorder under DSM-5 criteria. Eligibility requires 5+ years of employment, or a single traumatic event meeting DSM-5 Criterion A, which waives the service requirement. The rebuttal standard is clear and convincing medical evidence that the person's duties were not of real importance in causing the condition. The claim window is 7 years, measured from either continued employment or separation.",NA,https://www.iaff.org/presumptive-health/or/,2026-06-04
OR,Oregon,mental,Post-traumatic stress disorder (PTSD) or acute stress disorder (DSM-5),law_enforcement,statute,TRUE,TRUE,5,FALSE,84,NA,FALSE,NA,NA,Oregon Revised Statutes § 656.802(7),https://oregon.public.law/statutes/ors_656.802,"ORS 656.802(7), enacted by SB 507 (effective September 29, 2019). Covers full-time paid firefighters, EMS providers, police officers, corrections/youth correction officers, parole/probation officers, and emergency dispatchers/9-1-1 operators. The condition is PTSD or acute stress disorder under DSM-5 criteria. Eligibility requires 5+ years of employment, or a single traumatic event meeting DSM-5 Criterion A, which waives the service requirement. The rebuttal standard is clear and convincing medical evidence that the person's duties were not of real importance in causing the condition. The claim window is 7 years, measured from either continued employment or separation.",NA,https://www.iaff.org/presumptive-health/or/,2026-06-04
OR,Oregon,mental,Post-traumatic stress disorder (PTSD) or acute stress disorder (DSM-5),corrections,statute,TRUE,TRUE,5,FALSE,84,NA,FALSE,NA,NA,Oregon Revised Statutes § 656.802(7),https://oregon.public.law/statutes/ors_656.802,"ORS 656.802(7), enacted by SB 507 (effective September 29, 2019). Covers full-time paid firefighters, EMS providers, police officers, corrections/youth correction officers, parole/probation officers, and emergency dispatchers/9-1-1 operators. The condition is PTSD or acute stress disorder under DSM-5 criteria. Eligibility requires 5+ years of employment, or a single traumatic event meeting DSM-5 Criterion A, which waives the service requirement. The rebuttal standard is clear and convincing medical evidence that the person's duties were not of real importance in causing the condition. The claim window is 7 years, measured from either continued employment or separation.",NA,https://www.iaff.org/presumptive-health/or/,2026-06-04
PA,Pennsylvania,cancer,cancer caused by exposure to IARC Group 1 carcinogens,firefighter,statute,TRUE,TRUE,4,TRUE,NA,NA,NA,Claims may be made within 600 weeks (approx. 11.5 years) after last date of employment in exposed occupation; presumption itself only applies within first 300 weeks (approx. 5.75 years),NA,Pennsylvania Workers' Compensation Act § 108(r); Article III § 301(f),https://www.legis.state.pa.us/WU01/LI/LI/US/HTM/1915/0/0338..HTM,Requires 4+ years of continuous firefighting duties AND direct exposure to IARC Group 1 carcinogen AND pre-employment (or prior) physical showing no cancer. Volunteer fire company members covered but must document direct carcinogen exposure via Pennsylvania Fire Information Reporting System. Rebuttable by substantial competent evidence that cancer not caused by firefighting.,NA,https://www.iaff.org/presumptive-health/pa/,2026-05-23
PA,Pennsylvania,cancer,cancer caused by exposure to IARC Group 1 carcinogens,firefighter_volunteer,statute,TRUE,TRUE,4,TRUE,NA,NA,NA,Claims within 600 weeks of last exposed employment; presumption only applies within first 300 weeks,NA,Pennsylvania Workers' Compensation Act § 108(r); Article III § 301(f),https://www.legis.state.pa.us/WU01/LI/LI/US/HTM/1915/0/0338..HTM,Volunteer fire company members explicitly covered. Must document direct IARC Group 1 carcinogen exposure via Pennsylvania Fire Information Reporting System reports. Otherwise same requirements as career firefighters.,NA,https://www.iaff.org/presumptive-health/pa/,2026-05-23
PA,Pennsylvania,cardiovascular,Heart and lung disease/impairment (firefighters),firefighter,statute,TRUE,TRUE,4,NA,NA,NA,NA,NA,NA,"Pennsylvania Workers' Compensation Act § 108(o) (Act of June 2, 1915, P.L. 736, No. 338; § 108 added to the WC Act Oct. 17, 1972, P.L. 930, No. 223; subsection (o) heart/lung clause added Dec. 17, 1965, P.L. 1121, No. 435); a parallel, identically-worded (o) clause also exists in the older Occupational Disease Act (77 P.S. § 1208(o)), but that track has not been amended for firefighters since 1965 and is functionally vestigial today",https://www.legis.state.pa.us/WU01/LI/LI/US/HTM/1915/0/0338..HTM,"This is Pennsylvania's oldest firefighter presumption, codified in the Workers' Compensation Act § 108(o). Requires 4+ years of service and disease connected to over-exertion or exposure to heat, smoke, fumes, or gases. Applies to both paid and volunteer firefighters. A separate Heart and Lung Act (53 P.S. § 637 et seq.) provides full-salary wage continuation on top of an accepted claim under this presumption. Enacted December 17, 1965 (P.L. 1121, No. 435).","Volunteer-firefighter eligibility under § 108(o) is not textually distinguished from paid coverage (""any such firemen"") -- treated here as covering both per plain language, but worth an independent legal cross-check before treating as fully settled",https://www.iaff.org/presumptive-health/pa/,2026-07-02
PA,Pennsylvania,infectious,Hepatitis C,firefighter,statute,TRUE,TRUE,NA,TRUE,NA,NA,NA,NA,NA,Pennsylvania Workers' Compensation Act § 108; Act 115 of 2001; 34 Pa. Code § 130.1,https://www.legis.state.pa.us/WU01/LI/LI/US/HTM/1915/0/0338..HTM,"Covers professional and volunteer firefighters. Employer may rebut by establishing an employment screening program per Dept. guidelines and showing via testing that employee incurred Hep C prior to job-related exposure. Enacted December 20, 2001.",NA,https://www.iaff.org/presumptive-health/pa/,2026-05-23
PA,Pennsylvania,infectious,Hepatitis C,firefighter_volunteer,statute,TRUE,TRUE,NA,TRUE,NA,NA,NA,NA,NA,Pennsylvania Workers' Compensation Act § 108; Act 115 of 2001; 34 Pa. Code § 130.1,https://www.legis.state.pa.us/WU01/LI/LI/US/HTM/1915/0/0338..HTM,Expressly covers volunteer fire fighters and volunteer ambulance corps personnel and volunteer rescue/lifesaving squad personnel. Employer may rebut via employment screening program showing pre-job exposure.,NA,https://www.iaff.org/presumptive-health/pa/,2026-05-23
PA,Pennsylvania,infectious,Hepatitis C,emt_paramedic,statute,TRUE,TRUE,NA,TRUE,NA,NA,NA,NA,NA,Pennsylvania Workers' Compensation Act § 108; Act 115 of 2001; 34 Pa. Code § 130.1,https://www.legis.state.pa.us/WU01/LI/LI/US/HTM/1915/0/0338..HTM,Covers emergency medical services personnel and paramedics (including volunteer ambulance corps and rescue/lifesaving squad personnel). Employer may rebut via employment screening program.,NA,https://www.iaff.org/presumptive-health/pa/,2026-05-23
PA,Pennsylvania,infectious,Hepatitis C,law_enforcement,statute,TRUE,TRUE,NA,TRUE,NA,NA,NA,NA,NA,Pennsylvania Workers' Compensation Act § 108; Act 115 of 2001; 34 Pa. Code § 130.1,https://www.legis.state.pa.us/WU01/LI/LI/US/HTM/1915/0/0338..HTM,Covers Pennsylvania State Police officers and police officers requiring certification under 53 Pa.C.S. Chapter 21. Employer may rebut via employment screening program.,NA,https://www.iaff.org/presumptive-health/pa/,2026-05-23
PA,Pennsylvania,infectious,Hepatitis C,corrections,statute,TRUE,TRUE,NA,TRUE,NA,NA,NA,NA,NA,Pennsylvania Workers' Compensation Act § 108; Act 115 of 2001; 34 Pa. Code § 130.1,https://www.legis.state.pa.us/WU01/LI/LI/US/HTM/1915/0/0338..HTM,"Covers Commonwealth and county correctional employees, and forensic security employees of the Dept. of Public Welfare, with duties including care, custody and control of inmates involving exposure to Hepatitis C. Employer may rebut via employment screening program.",NA,https://www.iaff.org/presumptive-health/pa/,2026-05-23
PA,Pennsylvania,mental,post-traumatic stress injury (PTSI),firefighter,statute,TRUE,FALSE,NA,NA,NA,NA,NA,"Claim must be filed within 3 years of diagnosis; injury must not have occurred more than 5 years before effective date (October 29, 2025)",NA,"Pennsylvania Workers' Compensation Act §§ 109, 301(g); effective October 29, 2025",https://www.legis.state.pa.us/WU01/LI/LI/US/HTM/1915/0/0338..HTM,"Effective October 29, 2025. 'First responder' includes active volunteer or employed fire company member responding to emergency calls. PTSI must result from a 'qualifying traumatic event' (serious injury/death, child harm, life threat, mass casualties, crime scene). Must be diagnosed by licensed psychologist or psychiatrist. Benefits capped at 104 weeks. PTSI from disciplinary action or employment termination not compensable. Not required to be an 'abnormal working condition.'",NA,https://www.iaff.org/presumptive-health/pa/,2026-05-23
PA,Pennsylvania,mental,post-traumatic stress injury (PTSI),firefighter_volunteer,statute,TRUE,FALSE,NA,NA,NA,NA,NA,Claim must be filed within 3 years of diagnosis; injury must not have occurred more than 5 years before effective date,NA,"Pennsylvania Workers' Compensation Act §§ 109, 301(g); effective October 29, 2025",https://www.legis.state.pa.us/WU01/LI/LI/US/HTM/1915/0/0338..HTM,Active volunteers of qualifying fire companies explicitly included in 'first responder' definition. Same terms as career firefighters.,NA,https://www.iaff.org/presumptive-health/pa/,2026-05-23
PA,Pennsylvania,mental,post-traumatic stress injury (PTSI),emt_paramedic,statute,TRUE,FALSE,NA,NA,NA,NA,NA,Claim must be filed within 3 years of diagnosis; injury must not have occurred more than 5 years before effective date,NA,"Pennsylvania Workers' Compensation Act §§ 109, 301(g); effective October 29, 2025",https://www.legis.state.pa.us/WU01/LI/LI/US/HTM/1915/0/0338..HTM,Active volunteer or employed EMS provider (designated as primary municipal provider or dispatched by PSAP/under mutual aid) included in 'first responder' definition. Benefits capped at 104 weeks.,NA,https://www.iaff.org/presumptive-health/pa/,2026-05-23
PA,Pennsylvania,mental,post-traumatic stress injury (PTSI),law_enforcement,statute,TRUE,FALSE,NA,NA,NA,NA,NA,Claim must be filed within 3 years of diagnosis; injury must not have occurred more than 5 years before effective date,NA,"Pennsylvania Workers' Compensation Act §§ 109, 301(g); effective October 29, 2025",https://www.legis.state.pa.us/WU01/LI/LI/US/HTM/1915/0/0338..HTM,Covers Pennsylvania State Police officers and peace officers (18 Pa.C.S. § 501) who respond to emergency calls. Benefits capped at 104 weeks.,NA,https://www.iaff.org/presumptive-health/pa/,2026-05-23
RI,Rhode Island,cancer,any type of cancer (occupational cancer),firefighter,statute,TRUE,FALSE,2,TRUE,NA,NA,FALSE,NA,TRUE,"Rhode Island General Laws §§ 45-19.1-3, 45-19.1-4",http://webserver.rilegislature.gov/Statutes/TITLE45/45-19.1/45-19.1-4.HTM,"CONCLUSIVE (irrebuttable) presumption under § 45-19.1-4 — any type of cancer in a firefighter is conclusively presumed occupational. For firefighters hired AFTER July 22, 2020: presumption does not apply if (1) pre-employment physical revealed cancer, (2) fewer than 2 years of employment, or (3) regular/habitual tobacco use in 5 years prior to diagnosis. Applies retroactively to cancer claims pending on or after July 22, 2020. Covers active firefighters (during service) and retired municipal firefighters (§ 45-19.1-3 — covers retired members retroactively).",NA,https://www.iaff.org/presumptive-health/ri/,2026-05-23
RI,Rhode Island,cardiovascular,"heart disease, stroke, or hypertension",firefighter,statute,TRUE,TRUE,NA,TRUE,NA,NA,NA,NA,TRUE,Rhode Island General Laws § 45-19-16.1,http://webserver.rilegislature.gov/Statutes/TITLE45/45-19/45-19-16.1.HTM,"Rebuttable by clear and convincing evidence. The law was enacted June 27, 2023 (P.L. 2023, ch. 360/361). It originally set a new-hire cutoff of July 1, 2023, but that cutoff was later moved to July 1, 2025 (P.L. 2025, ch. 440/441). For firefighters hired after July 1, 2025, the presumption does not apply if (1) a pre-employment physical exam already found heart disease or hypertension, or (2) the firefighter regularly used tobacco products during the 5 years before diagnosis. Firefighters hired before July 1, 2025 are not subject to either restriction.",NA,https://www.iaff.org/presumptive-health/ri/,2026-05-23
RI,Rhode Island,cardiovascular,"heart disease, stroke, or hypertension",law_enforcement,statute,TRUE,TRUE,NA,TRUE,NA,NA,NA,NA,TRUE,Rhode Island General Laws § 45-19-16.1,http://webserver.rilegislature.gov/Statutes/TITLE45/45-19/45-19-16.1.HTM,"Rebuttable by clear and convincing evidence. The law was enacted June 27, 2023 (P.L. 2023, ch. 360/361). It originally set a new-hire cutoff of July 1, 2023, but that cutoff was later moved to July 1, 2025 (P.L. 2025, ch. 440/441). For firefighters hired after July 1, 2025, the presumption does not apply if (1) a pre-employment physical exam already found heart disease or hypertension, or (2) the firefighter regularly used tobacco products during the 5 years before diagnosis. Firefighters hired before July 1, 2025 are not subject to either restriction.",NA,https://www.iaff.org/presumptive-health/ri/,2026-05-23
RI,Rhode Island,respiratory,smoke inhalation of the lungs or respiratory tract resulting in total disability or death,firefighter,statute,TRUE,TRUE,NA,TRUE,NA,NA,NA,NA,NA,Rhode Island General Laws § 45-19-16,http://webserver.rilegislature.gov/Statutes/TITLE45/45-19/45-19-16.HTM,Covers uniformed members of PAID fire departments only. City or town may adopt this presumption by ordinance — not automatically statewide. Presumption is rebuttable by competent evidence. Pre-employment (or subsequent) physical must not have revealed evidence of condition.,NA,https://www.iaff.org/presumptive-health/ri/,2026-05-23
RI,Rhode Island,infectious,"infectious disease including HIV (HBV, HCV) and other transmissible diseases",firefighter,statute,TRUE,NA,NA,NA,NA,NA,TRUE,NA,NA,"Rhode Island General Laws §§ 23-28.36-4, 23-28.36-2",http://webserver.rilegislature.gov/Statutes/TITLE23/23-28.36/23-28.36-4.HTM,"Infectious disease defined as any condition transmissible by association with the sick or their secretions/excretions, excluding common cold; explicitly includes HIV, HBV, HCV. Disease must develop or manifest as a result of exposure during period while fire fighter or police officer is in service of department. Covers paid and volunteer fire departments. Entitles to occupational disability benefits under ch. 19 of title 45.",NA,https://www.iaff.org/presumptive-health/ri/,2026-05-23
RI,Rhode Island,infectious,"infectious disease including HIV (HBV, HCV) and other transmissible diseases",law_enforcement,statute,TRUE,NA,NA,NA,NA,NA,TRUE,NA,NA,"Rhode Island General Laws §§ 23-28.36-4, 23-28.36-2",http://webserver.rilegislature.gov/Statutes/TITLE23/23-28.36/23-28.36-4.HTM,Statute explicitly covers both fire fighters AND police officers. Disease must manifest during period of active service. Same definition of infectious disease as firefighter row.,NA,https://www.iaff.org/presumptive-health/ri/,2026-05-23
RI,Rhode Island,mental,post-traumatic stress disorder (PTSD),firefighter,statute,TRUE,TRUE,NA,NA,NA,NA,NA,NA,NA,Rhode Island General Laws § 45-19-1(a)(2),http://webserver.rilegislature.gov/Statutes/TITLE45/45-19/45-19-1.HTM,"PTSD must be diagnosed by licensed mental health professional with a master's degree. Must arise from exposure to potentially traumatic events in course of employment or off-duty emergency assistance within Rhode Island. Presumption is rebuttable by fair preponderance of evidence that PTSI/PTSD is not job-related. PTSD arising from disciplinary action, work evaluation, job transfer, layoff, demotion, termination or adverse job action not covered.",NA,https://www.iaff.org/presumptive-health/ri/,2026-05-23
RI,Rhode Island,mental,post-traumatic stress disorder / post-traumatic stress injury (qualifying condition for accidental disability retirement),firefighter,pension,TRUE,NA,NA,NA,NA,NA,NA,18-month filing deadline; subject to a three-physician confirmation process,NA,R.I. Gen. Laws § 45-21.2-9,http://webserver.rilegislature.gov/Statutes/TITLE45/45-21.2/45-21.2-9.HTM,"Entirely missing from the prior JSON, which only carried the later § 45-19-1(a)(2) IOD/salary-continuation PTSD track. This is a SECOND, separate PTSD track: PTSD was added as a qualifying condition for accidental disability retirement (66⅔% of final compensation) by P.L. 2021, ch. 391 and ch. 392, effective July 16, 2021 -- notably, PTSD was recognized on this PENSION track THREE YEARS BEFORE it was recognized on the IOD/salary-continuation track (2024, see the § 45-19-1(a)(2) row). Rhode Island should be coded as a non-WC, dual pension/IOD-benefit state (comparable to Indiana, Iowa, South Dakota), not a workers' compensation presumption state.",NA,https://www.iaff.org/presumptive-health/ri/,2026-08-07
RI,Rhode Island,mental,post-traumatic stress disorder (PTSD),law_enforcement,statute,TRUE,TRUE,NA,NA,NA,NA,NA,NA,NA,Rhode Island General Laws § 45-19-1(a)(2),http://webserver.rilegislature.gov/Statutes/TITLE45/45-19/45-19-1.HTM,"Explicitly covers police officers (including chiefs, municipal officers, deputy sheriffs, fugitive task force, capitol police, environmental police criminal investigators, airport police). Same terms as firefighters. PTSD from adverse job actions not covered.",NA,https://www.iaff.org/presumptive-health/ri/,2026-05-23
RI,Rhode Island,mental,post-traumatic stress disorder / post-traumatic stress injury (qualifying condition for accidental disability retirement),law_enforcement,pension,TRUE,NA,NA,NA,NA,NA,NA,18-month filing deadline; subject to a three-physician confirmation process,NA,R.I. Gen. Laws § 45-21.2-9,http://webserver.rilegislature.gov/Statutes/TITLE45/45-21.2/45-21.2-9.HTM,"Entirely missing from the prior JSON, which only carried the later § 45-19-1(a)(2) IOD/salary-continuation PTSD track. This is a SECOND, separate PTSD track: PTSD was added as a qualifying condition for accidental disability retirement (66⅔% of final compensation) by P.L. 2021, ch. 391 and ch. 392, effective July 16, 2021 -- notably, PTSD was recognized on this PENSION track THREE YEARS BEFORE it was recognized on the IOD/salary-continuation track (2024, see the § 45-19-1(a)(2) row). Rhode Island should be coded as a non-WC, dual pension/IOD-benefit state (comparable to Indiana, Iowa, South Dakota), not a workers' compensation presumption state.",NA,https://www.iaff.org/presumptive-health/ri/,2026-08-07
SC,South Carolina,cancer,"malignant neoplasms of central/peripheral nervous system, oropharyngeal, respiratory tract, gastrointestinal tract, hepatobiliary, solid organ and endocrine, genitourinary and male reproductive, GYN, skin/soft tissue/breast, bone and blood",firefighter,statute,TRUE,NA,5,NA,NA,NA,NA,NA,NA,S.C. Code Ann. § 23-9-197,https://www.scstatehouse.gov/code/t23c009.php,"This is a supplemental insurance benefit plan (not a WC presumption per se). Covers paid and unpaid (volunteer) firefighters. Requires 5 continuous years of service in a SC fire department and active service within 10 years of diagnosis. Benefits: up to $12,000/yr reimbursement for out-of-pocket expenses, $20,000 one-time initial-diagnosis benefit, $75,000 death benefit. Implementation contingent on funding. Effective July 1, 2021.",NA,https://www.iaff.org/presumptive-health/sc/,2026-05-23
SC,South Carolina,cardiovascular,"heart disease, stroke",firefighter,statute,TRUE,TRUE,NA,TRUE,NA,NA,TRUE,Condition must have developed while actively engaged in fighting a fire or within 24 hours from the date of last service in the activity,NA,S.C. Code Ann. § 42-11-30(A),https://www.scstatehouse.gov/code/t42c011.php,"Firefighter must be a bona fide member of a municipal, county, state, port authority, or fire control district fire department. Anyone who joined after May 29, 1968 must have been under age 37 at entry and passed a physical exam showing no evidence of the condition. The condition must develop while actively fighting a fire or within 24 hours of the firefighter's last service. Stroke was added to the covered conditions by Act No. 132 of 2026 (H3163), signed and effective May 15, 2026, amending § 42-11-30(A).",NA,https://www.iaff.org/presumptive-health/sc/,2026-05-23
SC,South Carolina,cardiovascular,cardiac-related incident (cardiac impairment or injury),law_enforcement,statute,TRUE,TRUE,NA,TRUE,NA,NA,TRUE,"Impairment or injury must have developed while actively engaged in, or within 24 hours from the date of, a law enforcement incident involving unusual or extraordinary physical exertion",NA,S.C. Code Ann. § 42-11-30(B),https://www.scstatehouse.gov/code/t42c011.php,"Officer must be employed by a municipal, county, state, port authority, or other law enforcement agency. Must be under age 37 at entry and have passed a physical exam with risk factor assessment for coronary artery disease. If identified as high-risk but fails to undergo additional tests at own expense, loses entitlement to presumption. Cardiac incident must occur during or within 24 hours of a law enforcement incident involving unusual/extraordinary physical exertion.",NA,https://www.iaff.org/presumptive-health/sc/,2026-05-23
SC,South Carolina,respiratory,respiratory disease,firefighter,statute,TRUE,TRUE,NA,TRUE,NA,NA,TRUE,Condition must have developed while actively engaged in fighting a fire or within 24 hours from the date of last service in the activity,NA,S.C. Code Ann. § 42-11-30(A),https://www.scstatehouse.gov/code/t42c011.php,"Firefighter must be a bona fide member of a municipal, county, state, port authority, or fire control district fire department. Anyone joining after May 29, 1968 must have been under age 37 at entry and passed a physical exam showing no evidence of the condition. Condition must develop while actively fighting a fire or within 24 hours of last service.",NA,https://www.iaff.org/presumptive-health/sc/,2026-05-23
SD,South Dakota,cancer,cancer (any impairment of health caused by cancer),firefighter,statute,TRUE,NA,NA,TRUE,NA,NA,NA,NA,NA,S.D. Codified Laws § 9-16-3.3,https://sdlegislature.gov/Statutes/9-16-3.3,This section pertains solely to pension matters under Chapter 9-16 and does not restrict claimant's ability to file for benefits under chapter 62-8 or change the burden of proof established in § 62-8-12. Applies to officers or members of a fire department. Pre-employment physical must have failed to reveal any evidence of cancer.,NA,https://www.iaff.org/presumptive-health/sd/,2026-05-23
SD,South Dakota,cardiovascular,"hypertension, heart disease",firefighter,statute,TRUE,TRUE,NA,TRUE,NA,NA,NA,NA,NA,S.D. Codified Laws § 9-16-45,https://sdlegislature.gov/Statutes/9-16-45,Applies to officers or members of a fire department. Pre-employment physical must have failed to reveal any evidence of the condition. Presumed to have been suffered in line of duty unless contrary shown by competent evidence.,NA,https://www.iaff.org/presumptive-health/sd/,2026-05-23
SD,South Dakota,respiratory,respiratory disease,firefighter,statute,TRUE,TRUE,NA,TRUE,NA,NA,NA,NA,NA,S.D. Codified Laws § 9-16-45,https://sdlegislature.gov/Statutes/9-16-45,Applies to officers or members of a fire department. Pre-employment physical must have failed to reveal any evidence of the condition. Presumed to have been suffered in line of duty unless contrary shown by competent evidence.,NA,https://www.iaff.org/presumptive-health/sd/,2026-05-23
TN,Tennessee,cancer,"Non-Hodgkin's Lymphoma, colon cancer, skin cancer, leukemia, testicular cancer, multiple myeloma, prostate cancer, breast cancer, pancreatic cancer",firefighter,statute,TRUE,TRUE,5,TRUE,60,NA,NA,May use presumption for up to 5 years after most recent date of qualifying exposure,NA,Tenn. Code Ann. § 7-51-201(d),https://law.justia.com/codes/tennessee/title-7/chapter-51/part-2/section-7-51-201/,"Applies to full-time paid firefighters in fire departments recognized by state fire marshal's office and manned by full-time paid employees. Must have 5+ consecutive years of service. Must have been exposed to heat, smoke, fumes, or carcinogenic/poisonous/toxic/chemical substances while performing firefighter duties. Cancer screening exams required by condition type: NHL/colon/skin/multiple myeloma exam required after July 1 2019; leukemia/testicular exam required after July 1 2022; prostate/breast/pancreatic exam required after July 1 2025. Secondary employment or lifestyle habits may be considered. Rebuttable by competent medical evidence; oncologist (board certified) for death claims.",NA,https://www.iaff.org/presumptive-health/tn/,2026-05-23
TN,Tennessee,cancer,disease or cancer (broad — any disease or cancer),firefighter,statute,TRUE,TRUE,NA,TRUE,NA,NA,NA,NA,NA,Tenn. Code Ann. § 7-51-205,https://law.justia.com/codes/tennessee/title-7/chapter-51/part-2/section-7-51-205/,"Applies only to counties with a metropolitan form of government with population 400,000+ (per 1980 or subsequent federal census) — effectively Nashville/Davidson County. Applies to full-time firefighters required to work in toxic environments. May be established by ordinance. Pre-employment physical must have failed to reveal evidence of cancer. Does not affect rights under § 7-51-201.",NA,https://www.iaff.org/presumptive-health/tn/,2026-05-23
TN,Tennessee,cardiovascular,"hypertension, heart disease",firefighter,statute,TRUE,TRUE,NA,TRUE,NA,NA,NA,NA,NA,Tenn. Code Ann. § 7-51-201(b),https://law.justia.com/codes/tennessee/title-7/chapter-51/part-2/section-7-51-201/,"Applies to full-time employees of a regular fire department in a state, municipal corporation, or political subdivision that has established compensation beyond workers' compensation. Pre-employment physical must have failed to reveal evidence of the condition.",NA,https://www.iaff.org/presumptive-health/tn/,2026-05-23
TN,Tennessee,cardiovascular,"hypertension, heart disease",emt_paramedic,statute,TRUE,TRUE,NA,TRUE,NA,NA,NA,NA,NA,Tenn. Code Ann. § 7-51-201(c),https://law.justia.com/codes/tennessee/title-7/chapter-51/part-2/section-7-51-201/,"Applies to EMTs and paramedics employed by a county with population over 400,000 (per 1980 or subsequent federal census) or a municipal corporation within such county, within the fire department, where compensation beyond WC has been established. Pre-employment physical must have failed to reveal evidence of condition.",NA,https://www.iaff.org/presumptive-health/tn/,2026-05-23
TN,Tennessee,cardiovascular,"Hypertension, heart disease",law_enforcement,statute,TRUE,TRUE,NA,NA,NA,NA,NA,NA,NA,Tenn. Code Ann. § 7-51-201(a),https://law.justia.com/codes/tennessee/title-7/chapter-51/part-2/section-7-51-201/,"§ 7-51-201(a) establishes a presumption of occupational causation for hypertension and heart disease among law enforcement officers generally, originally enacted in 1965 (Acts 1965, ch. 299). It is not itself a workers' compensation statute; rather, it establishes a presumption of occupational causation that attaches to whatever compensation program a covered government employer has set up for line-of-duty injury or death. It has been applied as part of workers' compensation claims where a municipality has opted into workers' compensation coverage (see Stone v. City of McMinnville (1995) and Krick v. City of Lawrenceburg (1997)).",NA,https://www.iaff.org/presumptive-health/tn/,2026-08-07
TN,Tennessee,cardiovascular,"Hypertension, heart disease",corrections,statute,TRUE,TRUE,NA,NA,NA,NA,NA,NA,NA,Tenn. Code Ann. § 7-51-201(a),https://law.justia.com/codes/tennessee/title-7/chapter-51/part-2/section-7-51-201/,"§ 7-51-201(a) establishes a presumption of occupational causation for hypertension and heart disease among law enforcement officers generally, originally enacted in 1965 (Acts 1965, ch. 299). It also explicitly covers correctional security employees of the Departments of Correction and Children's Services, and full-time county deputy sheriffs in correctional security positions. It is not itself a workers' compensation statute; rather, it establishes a presumption of occupational causation that attaches to whatever compensation program a covered government employer has set up for line-of-duty injury or death. It has been applied as part of workers' compensation claims where a municipality has opted into workers' compensation coverage (see Stone v. City of McMinnville (1995) and Krick v. City of Lawrenceburg (1997)).",NA,https://www.iaff.org/presumptive-health/tn/,2026-08-07
TN,Tennessee,respiratory,disease of the lungs,firefighter,statute,TRUE,TRUE,NA,TRUE,NA,NA,NA,NA,NA,Tenn. Code Ann. § 7-51-201(b),https://law.justia.com/codes/tennessee/title-7/chapter-51/part-2/section-7-51-201/,"Applies to full-time employees of a regular fire department in a state, municipal corporation, or political subdivision that has established compensation beyond workers' compensation. Pre-employment physical must have failed to reveal evidence of the condition. Contrary shown by competent medical evidence.",NA,https://www.iaff.org/presumptive-health/tn/,2026-05-23
TN,Tennessee,infectious,"HIV (human immunodeficiency virus), hepatitis C virus",firefighter,statute,TRUE,TRUE,NA,TRUE,12,NA,FALSE,Incident/accident report must be filed within 7 days of the exposure event. Post-termination coverage for 1 year from last actual date of service.,NA,Tenn. Code Ann. § 7-51-209,https://law.justia.com/codes/tennessee/title-7/chapter-51/part-2/section-7-51-209/,"Applies to full-time firefighters, paramedics, EMTs employed by state or political subdivision. Requires prior negative test for infectious disease before diagnosis. Worker must file a sworn declaration that they have not engaged in any high-risk behavior (outside-employment exposure, unsafe sexual practices, IV drug use, blood transfusion). Post-termination coverage: 1 year from last service date. Does not apply to death benefits under Tennessee consolidated retirement system or state death benefit. Pre-employment HIV testing required from July 1 2012; all infectious diseases from July 1 2015.",NA,https://www.iaff.org/presumptive-health/tn/,2026-05-23
TN,Tennessee,infectious,"HIV (human immunodeficiency virus), hepatitis C virus",emt_paramedic,statute,TRUE,TRUE,NA,TRUE,12,NA,FALSE,Incident/accident report must be filed within 7 days of the exposure event. Post-termination coverage for 1 year from last actual date of service.,NA,Tenn. Code Ann. § 7-51-209,https://law.justia.com/codes/tennessee/title-7/chapter-51/part-2/section-7-51-209/,Applies to full-time paramedics and EMTs employed by state or political subdivision. Same terms as firefighter row under § 7-51-209. Requires prior negative test for infectious disease. Worker must file a sworn declaration excluding high-risk behaviors. Post-termination coverage: 1 year from last service date.,NA,https://www.iaff.org/presumptive-health/tn/,2026-05-23
TN,Tennessee,mental,PTSD (post-traumatic stress disorder),firefighter,statute,FALSE,NA,NA,NA,NA,NA,NA,NA,NA,Tenn. Code Ann. § 8-50-119,https://law.justia.com/codes/tennessee/title-8/chapter-50/part-1/section-8-50-119/,"Tennessee Public Safety Behavioral Health Act requires public safety employers (including those employing firefighters and EMTs) to provide at least 10 PTSD treatment sessions via health benefits, maintain lists of qualified mental health providers, and prohibit retaliation. This is a treatment access mandate, NOT a WC presumption. Does not apply to workers' compensation plans under title 50. Effective July 1, 2018.",NA,https://www.iaff.org/presumptive-health/tn/,2026-05-23
TN,Tennessee,mental,Post-traumatic stress disorder (PTSD); workers' compensation presumption,firefighter,statute,TRUE,TRUE,NA,FALSE,12,NA,FALSE,NA,NA,Tenn. Code Ann. § 7-51-206 (James 'Dustin' Samples Act),https://law.justia.com/codes/tennessee/title-7/chapter-51/part-2/section-7-51-206/,"True workers' compensation presumption under § 7-51-206, covering full-time paid firefighters in departments recognized by the TN State Fire Marshal, effective January 1, 2024 (Public Chapter 465). Qualifying traumatic incidents include: witnessing the death or injury of a minor who subsequently died; witnessing an individual's death involving serious bodily injury shocking the conscience; responding to an event where a victim sustained serious bodily injury shocking the conscience; or responding to an event where a co-worker, responder, or family member sustained serious bodily injury or died. PTSD must be diagnosed by a mental health professional within 1 year of the firefighter's final date of employment. The presumption is rebuttable by a preponderance of evidence that the PTSD was caused by non-service-connected risk factors. This is separate from, and in addition to, the § 8-50-119 treatment access mandate, which is tracked as its own entry in this dataset.",NA,https://www.iaff.org/presumptive-health/tn/,2026-06-04
TN,Tennessee,mental,PTSD (post-traumatic stress disorder),emt_paramedic,statute,FALSE,NA,NA,NA,NA,NA,NA,NA,NA,Tenn. Code Ann. § 8-50-119,https://law.justia.com/codes/tennessee/title-8/chapter-50/part-1/section-8-50-119/,"Same as firefighter row — Tennessee Public Safety Behavioral Health Act applies to 'public safety employees' defined as emergency medical workers and professional firefighters. Treatment access mandate only, not a WC presumption. Effective July 1, 2018.",NA,https://www.iaff.org/presumptive-health/tn/,2026-05-23
TN,Tennessee,mental,Post-traumatic stress disorder (PTSD); workers' compensation presumption,emt_paramedic,statute,TRUE,TRUE,NA,FALSE,12,NA,FALSE,NA,NA,Tenn. Code Ann. § 7-51-206 (James 'Dustin' Samples Act),https://law.justia.com/codes/tennessee/title-7/chapter-51/part-2/section-7-51-206/,"True workers' compensation presumption under § 7-51-206, covering emergency medical responders (EMTs, technician-paramedics, and paramedics), effective July 1, 2025 (Public Chapter 480). Qualifying traumatic incidents include: witnessing the death or injury of a minor who subsequently died; witnessing an individual's death involving serious bodily injury shocking the conscience; responding to an event where a victim sustained serious bodily injury shocking the conscience; or responding to an event where a co-worker, responder, or family member sustained serious bodily injury or died. PTSD must be diagnosed by a mental health professional within 1 year of the responder's final date of employment. The presumption is rebuttable by a preponderance of evidence that the PTSD was caused by non-service-connected risk factors. This is separate from, and in addition to, the § 8-50-119 treatment access mandate, which is tracked as its own entry in this dataset.",NA,https://www.iaff.org/presumptive-health/tn/,2026-06-04
TN,Tennessee,mental,Post-traumatic stress disorder (PTSD); workers' compensation presumption,law_enforcement,statute,TRUE,TRUE,NA,FALSE,12,NA,FALSE,NA,NA,Tenn. Code Ann. § 7-51-206 (James 'Dustin' Samples Act),https://law.justia.com/codes/tennessee/title-7/chapter-51/part-2/section-7-51-206/,"True workers' compensation presumption under § 7-51-206, covering law enforcement officers, effective July 1, 2025 (Public Chapter 480). Qualifying traumatic incidents include: witnessing the death or injury of a minor who subsequently died; witnessing an individual's death involving serious bodily injury shocking the conscience; responding to an event where a victim sustained serious bodily injury shocking the conscience; or responding to an event where a co-worker, responder, or family member sustained serious bodily injury or died. PTSD must be diagnosed by a mental health professional within 1 year of the officer's final date of employment. The presumption is rebuttable by a preponderance of evidence that the PTSD was caused by non-service-connected risk factors. This is separate from, and in addition to, the § 8-50-119 treatment access mandate, which is tracked as its own entry in this dataset.",NA,https://www.iaff.org/presumptive-health/tn/,2026-06-04
TX,Texas,cancer,"stomach, colon, rectum, skin, prostate, testis, or brain cancer; non-Hodgkin's lymphoma; multiple myeloma; malignant melanoma; renal cell carcinoma",firefighter,statute,TRUE,TRUE,5,TRUE,NA,NA,TRUE,NA,TRUE,Tex. Gov't Code § 607.055,https://texas.public.law/statutes/tex._gov't_code_section_607.055,"CORRECTED (2026-08-07 research): SB 2551 (2019, Ch. 701) removed the original exposure-based/IARC-referenced eligibility test entirely for this presumption -- the firefighter need only be diagnosed with one of the 11 enumerated cancer types above; no showing of heat/smoke/radiation/carcinogen exposure is required (that requirement predates the 2019 amendment and no longer applies). Rebuttal per § 607.058 requires preponderance of evidence; ALJ must consider whether a qualified expert relying on evidence-based medicine stated the opinion. Tobacco exclusion: disease known to be caused by tobacco use bars the presumption if firefighter/EMT or smoking spouse used tobacco.",NA,https://www.iaff.org/presumptive-health/tx/,2026-05-23
TX,Texas,cancer,"stomach, colon, rectum, skin, prostate, testis, or brain cancer; non-Hodgkin's lymphoma; multiple myeloma; malignant melanoma; renal cell carcinoma",firefighter_volunteer,statute,TRUE,TRUE,5,TRUE,NA,NA,TRUE,NA,TRUE,"Tex. Gov't Code §§ 607.052(f), 607.055",https://texas.public.law/statutes/tex._gov't_code_section_607.052,Volunteer firefighters explicitly covered under § 607.052(f). Must participate in minimum 40% of drills and 25% of fire or emergency calls while on call. CORRECTED (2026-08-07 research): SB 2551 (2019) removed the exposure-based eligibility test -- volunteer firefighters need only be diagnosed with one of the 11 enumerated cancer types; no carcinogen/radiation exposure showing required. Same terms as paid firefighter row under § 607.055.,NA,https://www.iaff.org/presumptive-health/tx/,2026-05-23
TX,Texas,cancer,"stomach, colon, rectum, skin, prostate, testis, or brain cancer; non-Hodgkin's lymphoma; multiple myeloma; malignant melanoma; renal cell carcinoma",emt_paramedic,statute,TRUE,TRUE,5,TRUE,NA,NA,TRUE,NA,TRUE,Tex. Gov't Code § 607.055,https://texas.public.law/statutes/tex._gov't_code_section_607.055,Same terms as firefighter row under § 607.055. Tobacco exclusion applies.,NA,https://www.iaff.org/presumptive-health/tx/,2026-05-23
TX,Texas,cardiovascular,"acute myocardial infarction, stroke",firefighter,statute,TRUE,TRUE,5,TRUE,NA,NA,TRUE,NA,TRUE,Tex. Gov't Code § 607.056,https://texas.public.law/statutes/tex._gov't_code_section_607.056,"Requires that while on duty, firefighter was engaged in nonroutine stressful or strenuous physical activity (fire suppression, rescue, hazmat, EMS, emergency response, or nonroutine training exercise) AND the AMI/stroke occurred during that activity. Does not include clerical, administrative, or nonmanual activities. Tobacco exclusion applies.",NA,https://www.iaff.org/presumptive-health/tx/,2026-05-23
TX,Texas,cardiovascular,"acute myocardial infarction, stroke",firefighter_volunteer,statute,TRUE,TRUE,5,TRUE,NA,NA,TRUE,NA,TRUE,"Tex. Gov't Code §§ 607.052(f), 607.056",https://texas.public.law/statutes/tex._gov't_code_section_607.052,Volunteer firefighters explicitly covered under § 607.052(f). Must participate in minimum 40% of drills and 25% of fire or emergency calls while on call. AMI/stroke must occur during nonroutine strenuous activity while on duty. Same terms as paid firefighter row under § 607.056.,NA,https://www.iaff.org/presumptive-health/tx/,2026-05-23
TX,Texas,cardiovascular,"acute myocardial infarction, stroke",emt_paramedic,statute,TRUE,TRUE,5,TRUE,NA,NA,TRUE,NA,TRUE,Tex. Gov't Code § 607.056,https://texas.public.law/statutes/tex._gov't_code_section_607.056,Same terms as firefighter row under § 607.056. AMI/stroke must occur during nonroutine strenuous activity while on duty. Tobacco exclusion applies.,NA,https://www.iaff.org/presumptive-health/tx/,2026-05-23
TX,Texas,cardiovascular,"acute myocardial infarction, stroke",law_enforcement,statute,TRUE,TRUE,5,TRUE,NA,NA,TRUE,NA,TRUE,Tex. Gov't Code § 607.056,https://texas.public.law/statutes/tex._gov't_code_section_607.056,"Requires that while on duty, the peace officer was engaged in nonroutine stressful or strenuous physical activity (pursuit, arrest, hazmat, emergency response, or nonroutine training exercise) AND the AMI/stroke occurred during that activity — does not include clerical, administrative, or nonmanual activities. Same terms as the firefighter/EMT row under § 607.056. Covers peace officers under Article 2.12, Code of Criminal Procedure (§ 607.052 applicability). Tobacco exclusion applies. NOTE (2026-07-02 correction): this row was missing entirely from the original pre-pipeline data despite § 607.052/this section explicitly covering peace officers — added after the gap was caught on the live dashboard.",NA,https://www.iaff.org/presumptive-health/tx/,2026-07-02
TX,Texas,respiratory,"any disease or illness of the lungs or respiratory tract with a statistically positive correlation with firefighter/EMT service (excluding tuberculosis, which is covered separately)",firefighter,statute,TRUE,TRUE,5,TRUE,NA,NA,TRUE,NA,TRUE,Tex. Gov't Code § 607.054,https://texas.public.law/statutes/tex._gov't_code_section_607.054,Same statute as TB/infectious row; this row captures the non-TB respiratory coverage. Statute language: 'any other disease or illness of the lungs or respiratory tract that has a statistically positive correlation with service as a firefighter or emergency medical technician.' Tobacco exclusion and discovery-during-employment requirement apply.,NA,https://www.iaff.org/presumptive-health/tx/,2026-05-23
TX,Texas,respiratory,any disease or illness of the lungs or respiratory tract with a statistically positive correlation with firefighter service (excluding tuberculosis),firefighter_volunteer,statute,TRUE,TRUE,5,TRUE,NA,NA,TRUE,NA,TRUE,"Tex. Gov't Code §§ 607.052(f), 607.054",https://texas.public.law/statutes/tex._gov't_code_section_607.052,Volunteer firefighters explicitly covered under § 607.052(f); must participate in minimum 40% of drills and 25% of fire or emergency calls while on call. Same terms as paid firefighter respiratory row under § 607.054.,NA,https://www.iaff.org/presumptive-health/tx/,2026-05-23
TX,Texas,respiratory,any disease or illness of the lungs or respiratory tract with a statistically positive correlation with firefighter/EMT service (excluding tuberculosis),emt_paramedic,statute,TRUE,TRUE,5,TRUE,NA,NA,TRUE,NA,TRUE,Tex. Gov't Code § 607.054,https://texas.public.law/statutes/tex._gov't_code_section_607.054,Same terms as firefighter respiratory row under § 607.054. Tobacco exclusion and discovery-during-employment requirement apply.,NA,https://www.iaff.org/presumptive-health/tx/,2026-05-23
TX,Texas,respiratory,"any disease or illness of the lungs or respiratory tract with a statistically positive correlation with peace officer service (excluding tuberculosis, which is covered separately)",law_enforcement,statute,TRUE,TRUE,5,TRUE,NA,NA,TRUE,NA,TRUE,Tex. Gov't Code § 607.054,https://texas.public.law/statutes/tex._gov't_code_section_607.054,"Same terms as the firefighter/EMT respiratory row under § 607.054. Covers peace officers under Article 2.12, Code of Criminal Procedure, employed by a political subdivision (§ 607.052 applicability). Tobacco exclusion and discovery-during-employment requirement apply. NOTE (2026-07-02 correction): this row was missing entirely from the original pre-pipeline data despite § 607.052/this section explicitly covering peace officers — added after the gap was caught on the live dashboard.",NA,https://www.iaff.org/presumptive-health/tx/,2026-07-02
TX,Texas,infectious,tuberculosis,firefighter,statute,TRUE,TRUE,5,TRUE,NA,NA,TRUE,NA,TRUE,Tex. Gov't Code § 607.054,https://texas.public.law/statutes/tex._gov't_code_section_607.054,§ 607.054 covers TB (infectious) and other lung/respiratory diseases (respiratory) in one statutory provision; split into two rows per schema rules. Rebuttal per § 607.058 requires preponderance of evidence that non-service cause was a substantial factor; ALJ must consider whether a qualified expert relying on evidence-based medicine so stated. Tobacco exclusion under § 607.052(b)(4): does not apply if disease is known to be tobacco-caused and firefighter/EMT or their smoking spouse used tobacco during the marriage. Disease must be discovered during employment.,NA,https://www.iaff.org/presumptive-health/tx/,2026-05-23
TX,Texas,infectious,tuberculosis,firefighter_volunteer,statute,TRUE,TRUE,5,TRUE,NA,NA,TRUE,NA,TRUE,"Tex. Gov't Code §§ 607.052(f), 607.054",https://texas.public.law/statutes/tex._gov't_code_section_607.052,Volunteer firefighters explicitly covered under § 607.052(f); must participate in minimum 40% of drills and 25% of fire or emergency calls while on call. Same terms as paid firefighter TB row under § 607.054.,NA,https://www.iaff.org/presumptive-health/tx/,2026-05-23
TX,Texas,infectious,tuberculosis,emt_paramedic,statute,TRUE,TRUE,5,TRUE,NA,NA,TRUE,NA,TRUE,Tex. Gov't Code § 607.054,https://texas.public.law/statutes/tex._gov't_code_section_607.054,Same terms as firefighter TB row under § 607.054. Applies to EMTs covered under § 607.052.,NA,https://www.iaff.org/presumptive-health/tx/,2026-05-23
TX,Texas,infectious,tuberculosis,law_enforcement,statute,TRUE,TRUE,5,TRUE,NA,NA,TRUE,NA,TRUE,Tex. Gov't Code § 607.054,https://texas.public.law/statutes/tex._gov't_code_section_607.054,"§ 607.054 covers TB (infectious) and other lung/respiratory diseases (respiratory) in one statutory provision; split into two rows per schema rules, matching the firefighter/EMT TB row. Covers peace officers under Article 2.12, Code of Criminal Procedure (§ 607.052 applicability). Rebuttal per § 607.058 requires preponderance of evidence that a non-service cause was a substantial factor. Tobacco exclusion applies; disease must be discovered during employment. NOTE (2026-07-02 correction): this row was missing entirely from the original pre-pipeline data despite § 607.052/this section explicitly covering peace officers — added after the gap was caught on the live dashboard.",NA,https://www.iaff.org/presumptive-health/tx/,2026-07-02
TX,Texas,mental,PTSD (post-traumatic stress disorder),firefighter,statute,TRUE,TRUE,NA,NA,NA,NA,NA,NA,NA,Tex. Labor Code § 504.019,https://texas.public.law/statutes/tex._labor_code_section_504.019,"Applies to firefighters subject to certification by Texas Commission on Fire Protection whose principal duties are firefighting and aircraft crash and rescue, employed by a political subdivision. PTSD must be diagnosed as caused by an event in course and scope of employment, and preponderance of evidence must show the event was a substantial contributing factor. Mental/emotional injury from legitimate personnel action (transfer, promotion, demotion, termination) is not compensable per § 408.006.",NA,https://www.iaff.org/presumptive-health/tx/,2026-05-23
TX,Texas,mental,PTSD (post-traumatic stress disorder),emt_paramedic,statute,TRUE,TRUE,NA,NA,NA,NA,NA,NA,NA,Tex. Labor Code § 504.019,https://texas.public.law/statutes/tex._labor_code_section_504.019,"Applies to persons licensed under Chapter 773, Health and Safety Code, as emergency care attendants, EMTs, EMT-intermediates, EMT-paramedics, or licensed paramedics, employed by a political subdivision. Same PTSD diagnostic and causation requirements as firefighter row.",NA,https://www.iaff.org/presumptive-health/tx/,2026-05-23
TX,Texas,mental,PTSD (post-traumatic stress disorder),law_enforcement,statute,TRUE,TRUE,NA,NA,NA,NA,NA,NA,NA,Tex. Labor Code § 504.019,https://texas.public.law/statutes/tex._labor_code_section_504.019,"Applies to peace officers under Article 2.12, Code of Criminal Procedure, employed by a political subdivision. Same PTSD diagnostic and causation requirements. Mental/emotional injury from legitimate personnel action is not compensable.",NA,https://www.iaff.org/presumptive-health/tx/,2026-05-23
TX,Texas,other,"Retiree critical-illness/health benefit — triggered by post-retirement diagnosis (within 3 years of retirement) of an enumerated § 607.055 cancer, acute myocardial infarction, or stroke",firefighter,employer_benefit,TRUE,NA,NA,NA,36,Diagnosis must occur within 3 years (36 months) of retirement,FALSE,NA,NA,"Tex. Gov't Code §§ 607.151–607.153 (HB 4144, Acts 2025, 89th Leg., R.S.)",https://capitol.texas.gov/tlodocs/89R/billtext/html/HB04144F.htm,"This is not a workers' compensation presumption. It is a freestanding, mandatory employer-funded benefit: either a lump-sum or 3-month critical-illness supplemental income payment (the lesser of the retiree's final annual salary or $100,000, adjusted for inflation every 5 years), or comparable post-retirement health coverage. It is structurally similar to Florida's § 112.1816 program. Effective September 1, 2025, it applies only to firefighters and peace officers retiring on or after January 1, 2026 from a department or agency with 50 or more personnel. Political subdivisions that already provide comparable retiree health coverage are exempt. EMTs are not covered.",NA,https://www.iaff.org/presumptive-health/tx/,2026-07-02
TX,Texas,other,smallpox; disability or death from preventative immunization against smallpox or other disease,firefighter,statute,TRUE,FALSE,5,TRUE,NA,NA,TRUE,NA,NA,Tex. Gov't Code § 607.053,https://texas.public.law/statutes/tex._gov't_code_section_607.053,"Cannot be rebutted by evidence that immunization was not required by employer, not required by law, or received voluntarily. 5-year service and pre-employment exam requirements apply via § 607.052 applicability section. Disease must be discovered during employment per § 607.052(a)(3). Tobacco exclusion applies under § 607.052(b)(4).",NA,https://www.iaff.org/presumptive-health/tx/,2026-05-23
TX,Texas,other,smallpox; disability or death from preventative immunization against smallpox or other disease,firefighter_volunteer,statute,TRUE,FALSE,5,TRUE,NA,NA,TRUE,NA,NA,"Tex. Gov't Code §§ 607.052(f), 607.053",https://texas.public.law/statutes/tex._gov't_code_section_607.052,Volunteer firefighters explicitly covered under § 607.052(f). Must participate in minimum 40% of drills and 25% of fire or emergency calls while on call. Same terms as paid firefighter row under § 607.053.,NA,https://www.iaff.org/presumptive-health/tx/,2026-05-23
TX,Texas,other,smallpox; disability or death from preventative immunization against smallpox or other disease,emt_paramedic,statute,TRUE,FALSE,5,TRUE,NA,NA,TRUE,NA,NA,Tex. Gov't Code § 607.053,https://texas.public.law/statutes/tex._gov't_code_section_607.053,"Same terms as firefighter row. EMTs and emergency medical technicians covered under § 607.052 applicability. Cannot be rebutted by evidence immunization was voluntary. 5-year service and pre-employment exam requirements per § 607.052. Volunteer firefighters covered if meeting activity thresholds (40% of drills, 25% of calls).",NA,https://www.iaff.org/presumptive-health/tx/,2026-05-23
TX,Texas,other,"Retiree critical-illness/health benefit — triggered by post-retirement diagnosis (within 3 years of retirement) of an enumerated § 607.055 cancer, acute myocardial infarction, or stroke",law_enforcement,employer_benefit,TRUE,NA,NA,NA,36,Diagnosis must occur within 3 years (36 months) of retirement,FALSE,NA,NA,"Tex. Gov't Code §§ 607.151–607.153 (HB 4144, Acts 2025, 89th Leg., R.S.)",https://capitol.texas.gov/tlodocs/89R/billtext/html/HB04144F.htm,"This is not a workers' compensation presumption. It is a freestanding, mandatory employer-funded benefit: either a lump-sum or 3-month critical-illness supplemental income payment (the lesser of the retiree's final annual salary or $100,000, adjusted for inflation every 5 years), or comparable post-retirement health coverage. It is structurally similar to Florida's § 112.1816 program. Effective September 1, 2025, it applies only to peace officers and firefighters retiring on or after January 1, 2026 from a department or agency with 50 or more personnel. Political subdivisions that already provide comparable retiree health coverage are exempt. EMTs are not covered.",NA,https://www.iaff.org/presumptive-health/tx/,2026-07-02
TX,Texas,other,smallpox; disability or death from preventative immunization against smallpox or other disease,law_enforcement,statute,TRUE,FALSE,5,TRUE,NA,NA,TRUE,NA,NA,Tex. Gov't Code § 607.053,https://texas.public.law/statutes/tex._gov't_code_section_607.053,"Cannot be rebutted by evidence that the immunization was not required by employer, not required by law, or received voluntarily. Same terms as the firefighter/EMT row under § 607.053. Covers peace officers under Article 2.12, Code of Criminal Procedure (§ 607.052 applicability). Disease must be discovered during employment per § 607.052(a)(3). NOTE (2026-07-02 correction): this row was missing entirely from the original pre-pipeline data despite § 607.052/this section explicitly covering peace officers — added after the gap was caught on the live dashboard.",NA,https://www.iaff.org/presumptive-health/tx/,2026-07-02
UT,Utah,cancer,"bladder cancer, brain cancer, colorectal cancer, esophageal cancer, kidney cancer, leukemia, lung cancer, lymphoma, malignant melanoma, mesothelioma, oropharynx cancer, ovarian cancer, prostate cancer, testicular cancer, thyroid cancer (15 types; expanded from 4 by HB 65, signed March 25, 2025, eff. January 1, 2026)",firefighter,statute,TRUE,TRUE,8,TRUE,NA,NA,NA,"Cause of action arises on the date (after May 12, 2015) that the employee: suffers disability, knows or should have known the disease is caused by employment, and files a claim.",TRUE,Utah Code 34A-3-113,https://le.utah.gov/xcode/Title34A/Chapter3/34A-3-S113.html,"HB 65 (""Firefighter Cancer Amendments,"" signed March 25, 2025) expanded the covered cancer list from 4 types (pharynx, esophagus, lung, mesothelioma) to 15 types, effective July 1, 2025. Covers paid and volunteer firefighters (§ 67-20-2(5)(b)(ii)). Requires 8 years of minimum service and annual physical examinations during employment. Starting at 7 years of service, biennial physicals and Rocky Mountain Center cancer screenings are also required (screening program start date: July 1, 2026). Tobacco exclusion: no tobacco or cannabis use for the 8 years preceding the report of the condition (cannabis was added alongside tobacco for respiratory tract cancers by HB 65).",NA,https://www.iaff.org/presumptive-health/ut/,2026-05-23
UT,Utah,cancer,"bladder cancer, brain cancer, colorectal cancer, esophageal cancer, kidney cancer, leukemia, lung cancer, lymphoma, malignant melanoma, mesothelioma, oropharynx cancer, ovarian cancer, prostate cancer, testicular cancer, thyroid cancer (15 types; expanded from 4 by HB 65, signed March 25, 2025, eff. January 1, 2026)",firefighter_volunteer,statute,TRUE,TRUE,8,TRUE,NA,NA,NA,"Cause of action arises on the date (after May 12, 2015) that the employee: suffers disability, knows or should have known the disease is caused by employment, and files a claim.",TRUE,Utah Code 34A-3-113,https://le.utah.gov/xcode/Title34A/Chapter3/34A-3-S113.html,"HB 65 (""Firefighter Cancer Amendments,"" signed March 25, 2025) expanded the covered cancer list from 4 types (pharynx, esophagus, lung, mesothelioma) to 15 types, effective July 1, 2025. Covers paid and volunteer firefighters (§ 67-20-2(5)(b)(ii)). Requires 8 years of minimum service and annual physical examinations during employment. Starting at 7 years of service, biennial physicals and Rocky Mountain Center cancer screenings are also required (screening program start date: July 1, 2026). Tobacco exclusion: no tobacco or cannabis use for the 8 years preceding the report of the condition (cannabis was added alongside tobacco for respiratory tract cancers by HB 65).",NA,https://www.iaff.org/presumptive-health/ut/,2026-05-23
UT,Utah,cardiovascular,"heart disease, lung disease, respiratory tract condition",firefighter,statute,TRUE,TRUE,5,NA,NA,NA,NA,NA,NA,Utah Code 49-16-102,NA,"Covers paid firefighters only (2,080 hrs/year). A firefighter who received a service-connected disability for 6+ months due to violence or illness other than heart/lung/respiratory, then returned to service, cannot invoke the presumption for heart/lung/respiratory for 2 years after return unless clear and convincing evidence of direct causation from firefighter service.",NA,https://www.iaff.org/presumptive-health/ut/,2026-05-23
UT,Utah,respiratory,"heart disease, lung disease, respiratory tract condition",firefighter,statute,TRUE,TRUE,5,NA,NA,NA,NA,NA,NA,Utah Code 49-16-102,NA,"Same statute and same conditions as cardiovascular row; lung disease and respiratory tract condition covered alongside heart disease. Paid firefighters only (2,080 hrs/year). 2-year re-entry exclusion applies (see cardiovascular row).",NA,https://www.iaff.org/presumptive-health/ut/,2026-05-23
UT,Utah,infectious,diseases defined under Section 78B-8-401 (bloodborne/communicable diseases) contracted through significant exposure,emt_paramedic,statute,TRUE,TRUE,NA,TRUE,3,NA,FALSE,Must test positive during tenure of employment or within 3 months after termination.,NA,Utah Code 34A-2-901,https://codes.findlaw.com/ut/title-34a-utah-labor-code/ut-code-sect-34a-2-901/,"Two pathways: (1) Employment commenced before July 1, 1988: tests positive during employment or within 3 months post-termination; (2) Employment commenced on/after July 1, 1988: must test negative at commencement AND 3 months later, then test positive during employment or within 3 months post-termination. Agency must inform providers of provisions at commencement and termination.",NA,https://www.iaff.org/presumptive-health/ut/,2026-05-23
VA,Virginia,cancer,"leukemia, pancreatic, prostate, rectal, throat (pharynx/larynx/adenoid/tonsil/esophagus/trachea/nasopharynx/oropharynx/hypopharynx), ovarian, breast, colon (dx on/after 7/1/2020), brain (dx on/after 7/1/2020), testicular (dx on/after 7/1/2020), bladder (dx on/after 7/1/2023), thyroid (dx on/after 7/1/2023)",firefighter,statute,TRUE,TRUE,5,TRUE,NA,NA,NA,NA,FALSE,Va. Code § 65.2-402(C),https://law.lis.virginia.gov/vacode/title65.2/chapter4/section65.2-402/,"Covers salaried/volunteer firefighters and DEM hazmat officers. Colon, brain, and testicular: no presumption for diagnosis before July 1, 2020. Bladder and thyroid: no presumption for diagnosis before July 1, 2023. Rebuttable presumption.",NA,https://www.iaff.org/presumptive-health/va/,2026-05-23
VA,Virginia,cancer,"leukemia, pancreatic, prostate, rectal, throat cancer (pharynx, larynx, adenoid, tonsil, esophagus, trachea, nasopharynx, oropharynx, hypopharynx — definition clarified by cc. 392, 404, eff. July 1, 2025), ovarian, breast, colon, brain, testicular, bladder, thyroid",firefighter_volunteer,statute,TRUE,TRUE,5,TRUE,NA,NA,NA,NA,FALSE,Va. Code § 65.2-402(C),https://law.lis.virginia.gov/vacode/title65.2/chapter4/section65.2-402/,"Volunteer firefighters explicitly named. Same effective-date restrictions as salaried firefighters for colon, brain, testicular, bladder, thyroid. Rebuttable presumption.",NA,https://www.iaff.org/presumptive-health/va/,2026-05-23
VA,Virginia,cancer,"leukemia, pancreatic, prostate, rectal, throat cancer (pharynx, larynx, adenoid, tonsil, esophagus, trachea, nasopharynx, oropharynx, hypopharynx — definition clarified by cc. 392, 404, eff. July 1, 2025), ovarian, breast, colon, brain, testicular, bladder, thyroid",law_enforcement,statute,TRUE,TRUE,5,TRUE,NA,NA,NA,NA,FALSE,Va. Code § 65.2-402(C),https://law.lis.virginia.gov/vacode/title65.2/chapter4/section65.2-402/,"Covers State Police Officers' Retirement System members who handle hazardous materials, infectious substances, radiological agents, fentanyl, or methamphetamine; commercial vehicle enforcement officers/motor carrier safety troopers; arson/bomb investigators (state police); full-time enforcement division motor vehicle officers. Rebuttable presumption.",NA,https://www.iaff.org/presumptive-health/va/,2026-05-23
VA,Virginia,cardiovascular,"heart disease, hypertension",firefighter,statute,TRUE,TRUE,5,TRUE,NA,NA,NA,NA,FALSE,Va. Code § 65.2-402(B),https://law.lis.virginia.gov/vacode/title65.2/chapter4/section65.2-402/,Covers salaried and volunteer firefighters. Broad law enforcement coverage under same section (see law_enforcement row). Rebuttable presumption.,NA,https://www.iaff.org/presumptive-health/va/,2026-05-23
VA,Virginia,cardiovascular,"heart disease, hypertension",firefighter_volunteer,statute,TRUE,TRUE,5,TRUE,NA,NA,NA,NA,FALSE,Va. Code § 65.2-402(B),https://law.lis.virginia.gov/vacode/title65.2/chapter4/section65.2-402/,Volunteer firefighters explicitly named. Rebuttable presumption.,NA,https://www.iaff.org/presumptive-health/va/,2026-05-23
VA,Virginia,cardiovascular,"heart disease, hypertension",emt_paramedic,statute,TRUE,TRUE,5,TRUE,NA,NA,NA,NA,FALSE,Va. Code § 65.2-402(B),https://law.lis.virginia.gov/vacode/title65.2/chapter4/section65.2-402/,Covers salaried/volunteer EMS personnel where the locality has adopted an authorizing resolution. Coverage is not automatic — requires local legislative action. Rebuttable presumption.,NA,https://www.iaff.org/presumptive-health/va/,2026-05-23
VA,Virginia,cardiovascular,"heart disease, hypertension",law_enforcement,statute,TRUE,TRUE,5,TRUE,NA,NA,NA,NA,FALSE,Va. Code § 65.2-402(B),https://law.lis.virginia.gov/vacode/title65.2/chapter4/section65.2-402/,"Covers State Police Officers' Retirement System members; county/city/town police; sheriffs/deputy sheriffs; Virginia Marine Police; conservation police; Capitol Police; Virginia ABC special agents; airport authority police (Metropolitan Washington, Norfolk); Virginia Port Authority police; campus police. Rebuttable presumption.",NA,https://www.iaff.org/presumptive-health/va/,2026-05-23
VA,Virginia,respiratory,respiratory disease,firefighter,statute,TRUE,TRUE,NA,TRUE,NA,NA,NA,NA,FALSE,Va. Code § 65.2-402(A),https://law.lis.virginia.gov/vacode/title65.2/chapter4/section65.2-402/,"Covers salaried firefighters, volunteer firefighters, and Department of Emergency Management hazardous materials officers. Rebuttable by preponderance of competent evidence to the contrary.",NA,https://www.iaff.org/presumptive-health/va/,2026-05-23
VA,Virginia,respiratory,respiratory disease,firefighter_volunteer,statute,TRUE,TRUE,NA,TRUE,NA,NA,NA,NA,FALSE,Va. Code § 65.2-402(A),https://law.lis.virginia.gov/vacode/title65.2/chapter4/section65.2-402/,Volunteer firefighters explicitly named. Rebuttable by preponderance of competent evidence to the contrary.,NA,https://www.iaff.org/presumptive-health/va/,2026-05-23
VA,Virginia,infectious,COVID-19,firefighter,statute,TRUE,TRUE,NA,FALSE,NA,NA,NA,"Applies to deaths/disabilities on or after July 1, 2020.",FALSE,Va. Code § 65.2-402.1(B)(2),https://law.lis.virginia.gov/vacode/title65.2/chapter4/section65.2-402.1/,"Salaried/volunteer firefighters. Requires positive diagnostic test, appropriate incubation period, and symptoms requiring medical treatment. Vaccine refusal disqualifies from presumption. Rebuttable presumption.",NA,https://www.iaff.org/presumptive-health/va/,2026-05-23
VA,Virginia,infectious,"hepatitis, meningococcal meningitis, tuberculosis, HIV",firefighter,statute,TRUE,TRUE,NA,TRUE,NA,NA,NA,6-month waiting period post-hiring applies unless there is documented exposure within 6 months.,FALSE,Va. Code § 65.2-402.1(A),https://law.lis.virginia.gov/vacode/title65.2/chapter4/section65.2-402.1/,Covers salaried/volunteer firefighters. Requires documented occupational exposure to blood or body fluids. Rebuttable presumption.,NA,https://www.iaff.org/presumptive-health/va/,2026-05-23
VA,Virginia,infectious,"hepatitis, meningococcal meningitis, tuberculosis, HIV",firefighter_volunteer,statute,TRUE,TRUE,NA,TRUE,NA,NA,NA,6-month waiting period applies unless there is documented exposure within 6 months.,FALSE,Va. Code § 65.2-402.1(A),https://law.lis.virginia.gov/vacode/title65.2/chapter4/section65.2-402.1/,Volunteer firefighters explicitly named. Requires documented occupational exposure. Rebuttable presumption.,NA,https://www.iaff.org/presumptive-health/va/,2026-05-23
VA,Virginia,infectious,"hepatitis, meningococcal meningitis, tuberculosis, HIV",emt_paramedic,statute,TRUE,TRUE,NA,TRUE,NA,NA,NA,6-month waiting period applies unless there is documented exposure within 6 months.,FALSE,Va. Code § 65.2-402.1(A),https://law.lis.virginia.gov/vacode/title65.2/chapter4/section65.2-402.1/,Covers salaried/volunteer EMS personnel. Requires documented occupational exposure. Rebuttable presumption.,NA,https://www.iaff.org/presumptive-health/va/,2026-05-23
VA,Virginia,infectious,COVID-19,law_enforcement,statute,TRUE,TRUE,NA,FALSE,NA,NA,NA,"Applies to deaths/disabilities on or after July 1, 2020.",FALSE,Va. Code § 65.2-402.1(B)(2),https://law.lis.virginia.gov/vacode/title65.2/chapter4/section65.2-402.1/,"Law enforcement officers as defined in § 9.1-101. Requires positive diagnostic test, incubation period, and symptoms requiring medical treatment. Vaccine refusal disqualifies. Rebuttable presumption.",NA,https://www.iaff.org/presumptive-health/va/,2026-05-23
VA,Virginia,infectious,"hepatitis, meningococcal meningitis, tuberculosis, HIV",law_enforcement,statute,TRUE,TRUE,NA,TRUE,NA,NA,NA,6-month waiting period applies unless there is documented exposure within 6 months.,FALSE,Va. Code § 65.2-402.1(A),https://law.lis.virginia.gov/vacode/title65.2/chapter4/section65.2-402.1/,Covers State Police Retirement System members; county/city/town police; sheriffs/deputies; Virginia Marine Police; conservation police; Capitol Police; ABC special agents; airport authority police; Virginia Port Authority police; campus police. Requires documented occupational exposure. Rebuttable presumption.,NA,https://www.iaff.org/presumptive-health/va/,2026-05-23
VA,Virginia,infectious,COVID-19,corrections,statute,TRUE,TRUE,NA,FALSE,NA,NA,NA,"Applies to deaths/disabilities on or after July 1, 2020.",FALSE,Va. Code § 65.2-402.1(B)(2),https://law.lis.virginia.gov/vacode/title65.2/chapter4/section65.2-402.1/,"Correctional officers and regional jail officers. Requires positive diagnostic test, incubation period, and symptoms requiring medical treatment. Vaccine refusal disqualifies. Rebuttable presumption.",NA,https://www.iaff.org/presumptive-health/va/,2026-05-23
VA,Virginia,infectious,"hepatitis, meningococcal meningitis, tuberculosis, HIV",corrections,statute,TRUE,TRUE,NA,TRUE,NA,NA,NA,6-month waiting period applies unless there is documented exposure within 6 months.,FALSE,Va. Code § 65.2-402.1(A),https://law.lis.virginia.gov/vacode/title65.2/chapter4/section65.2-402.1/,"Correctional officers covered. Presumption does not apply for diagnosis before July 1, 2020. Requires documented occupational exposure. Rebuttable presumption.",NA,https://www.iaff.org/presumptive-health/va/,2026-05-23
VA,Virginia,mental,post-traumatic stress disorder (PTSD),firefighter,statute,TRUE,NA,NA,FALSE,NA,NA,TRUE,Benefits capped at 52 weeks from diagnosis date. No benefits beyond 4 years from qualifying event.,FALSE,Va. Code § 65.2-107,https://law.lis.virginia.gov/vacode/title65.2/chapter1/section65.2-107/,"Covers salaried firefighters (including special forest wardens, EMS personnel, and fire scene investigators) and volunteer firefighters/EMS. Requires diagnosis by a board-certified psychiatrist or licensed psychologist. Qualifying events, occurring on or after July 1, 2020, include: serious bodily injury or death, incidents involving minors, an immediate life threat, mass casualties, or crime scene investigation. PTSD arising from personnel actions (such as discipline or termination) is excluded. This is not a true rebuttable presumption — it requires diagnosis plus a qualifying event, rather than presuming causation outright; it functions as a compensability pathway. Benefits are capped at 104 weeks from the date of diagnosis, with no award beyond 4 years from the qualifying event. A 2026 causation-reform amendment (Acts 2026, cc. 7, 465), effective January 1, 2027, adds a new qualifying-event category specifically for PTSD — ""an incident or exposure without any accompanying physical injury"" — removing the prior requirement that a qualifying event involve actual or threatened serious bodily injury or death. This change is not yet in effect.",NA,https://www.iaff.org/presumptive-health/va/,2026-05-23
VA,Virginia,mental,post-traumatic stress disorder (PTSD),firefighter_volunteer,statute,TRUE,NA,NA,FALSE,NA,NA,TRUE,Benefits capped at 52 weeks from diagnosis date. No benefits beyond 4 years from qualifying event.,FALSE,Va. Code § 65.2-107,https://law.lis.virginia.gov/vacode/title65.2/chapter1/section65.2-107/,"Volunteer EMS personnel and volunteer firefighters are explicitly covered, under the same qualifying-event criteria as salaried firefighters. This is not a traditional rebuttable presumption — it is a compensability pathway requiring diagnosis plus a qualifying event, rather than presuming causation outright. Benefits are capped at 104 weeks from the date of diagnosis, with no award beyond 4 years from the qualifying event. A 2026 causation-reform amendment (Acts 2026, cc. 7, 465), effective January 1, 2027, adds a new qualifying-event category specifically for PTSD — ""an incident or exposure without any accompanying physical injury"" — removing the prior requirement that a qualifying event involve actual or threatened serious bodily injury or death. This change is not yet in effect.",NA,https://www.iaff.org/presumptive-health/va/,2026-05-23
VA,Virginia,mental,post-traumatic stress disorder (PTSD),emt_paramedic,statute,TRUE,NA,NA,FALSE,NA,NA,TRUE,Benefits capped at 52 weeks from diagnosis date. No benefits beyond 4 years from qualifying event.,FALSE,Va. Code § 65.2-107,https://law.lis.virginia.gov/vacode/title65.2/chapter1/section65.2-107/,"EMS personnel are explicitly named under the firefighter definition in this section, and the same qualifying-event criteria apply. Benefits are capped at 104 weeks from the date of diagnosis, with no award beyond 4 years from the qualifying event. A 2026 causation-reform amendment (Acts 2026, cc. 7, 465), effective January 1, 2027, adds a new qualifying-event category specifically for PTSD — ""an incident or exposure without any accompanying physical injury"" — removing the prior requirement that a qualifying event involve actual or threatened serious bodily injury or death. This change is not yet in effect.",NA,https://www.iaff.org/presumptive-health/va/,2026-05-23
VA,Virginia,mental,post-traumatic stress disorder (PTSD),law_enforcement,statute,TRUE,NA,NA,FALSE,NA,NA,TRUE,Benefits capped at 52 weeks from diagnosis date. No benefits beyond 4 years from qualifying event.,FALSE,Va. Code § 65.2-107,https://law.lis.virginia.gov/vacode/title65.2/chapter1/section65.2-107/,"The law-enforcement officer definition covered here is broad: State Police Officers' Retirement System members; county, city, and town police; sheriffs and deputy sheriffs; Dept. of Emergency Management hazmat officers; city sergeants of Richmond; Virginia Marine Police; conservation police officers; Capitol Police; VA ABC special agents; MWAA police; Norfolk Airport Authority police; Virginia Port Authority sworn officers; and campus police at public institutions. Qualifying events, occurring on or after July 1, 2020, include: serious bodily injury or death, incidents involving minors, an immediate life threat, mass casualties, or crime scene investigation. This is not a traditional rebuttable presumption — it is a compensability pathway requiring diagnosis by a mental health professional plus a qualifying event. PTSD arising from personnel actions is excluded. Benefits are capped at 104 weeks from the date of diagnosis, with no award beyond 4 years from the qualifying event. A 2026 causation-reform amendment (Acts 2026, cc. 7, 465), effective January 1, 2027, adds a new qualifying-event category specifically for PTSD — ""an incident or exposure without any accompanying physical injury"" — removing the prior requirement that a qualifying event involve actual or threatened serious bodily injury or death. This change is not yet in effect.",NA,https://www.iaff.org/presumptive-health/va/,2026-05-23
VT,Vermont,cancer,"leukemia, lymphoma, multiple myeloma, bladder, brain, breast, colon, gastrointestinal tract, kidney, liver, lung, pancreas, reproductive system, skin, testicles, thyroid",firefighter,statute,TRUE,TRUE,5,TRUE,120,NA,FALSE,Diagnosis must occur within 10 years of last active date of employment.,TRUE,21 V.S.A. § 601(11)(E)-(F),https://codes.findlaw.com/vt/title-21-labor/vt-st-tit-21-sect-601/,"Tobacco exclusion: no use within 10 years of diagnosis date. Age restriction: under 65 at diagnosis. Pre-employment exam per American Cancer Society recommendations; existing employees had until 2 years after July 1, 2007. Employer may rebut by preponderance of evidence that cancer was caused by non-service-connected risk factors.",NA,https://www.iaff.org/presumptive-health/vt/,2026-05-23
VT,Vermont,cardiovascular,"heart injury, heart disease",firefighter,statute,TRUE,TRUE,NA,FALSE,NA,NA,FALSE,NA,FALSE,21 V.S.A. § 601(11)(A)-(B),https://codes.findlaw.com/vt/title-21-labor/vt-st-tit-21-sect-601/,Condition must become symptomatic within 72 hours of service in the line of duty.,NA,https://www.iaff.org/presumptive-health/vt/,2026-05-23
VT,Vermont,respiratory,lung disease,firefighter,statute,TRUE,TRUE,NA,FALSE,120,NA,FALSE,Diagnosis must occur within 10 years of last active date of employment.,TRUE,21 V.S.A. § 601(11)(H),https://codes.findlaw.com/vt/title-21-labor/vt-st-tit-21-sect-601/,Requires documented occupational exposure to aerosolized airborne agents. Tobacco exclusion: no use within 10 years of diagnosis. Vaccine refusal eliminates presumption unless medically contraindicated.,NA,https://www.iaff.org/presumptive-health/vt/,2026-05-23
VT,Vermont,respiratory,lung disease,emt_paramedic,statute,TRUE,TRUE,NA,FALSE,120,NA,FALSE,Diagnosis must occur within 10 years of last active date of employment.,TRUE,21 V.S.A. § 601(11)(H),https://codes.findlaw.com/vt/title-21-labor/vt-st-tit-21-sect-601/,Statute covers 'rescue workers and ambulance squad members'; credential level not specified. Requires documented occupational exposure. Tobacco exclusion: no use within 10 years of diagnosis. Vaccine refusal eliminates presumption unless medically contraindicated.,NA,https://www.iaff.org/presumptive-health/vt/,2026-05-23
VT,Vermont,infectious,infectious disease caused by aerosolized airborne infectious agents or blood-borne pathogens,firefighter,statute,TRUE,TRUE,NA,FALSE,120,NA,FALSE,Diagnosis must occur within 10 years of last active date of employment.,FALSE,21 V.S.A. § 601(11)(H),https://codes.findlaw.com/vt/title-21-labor/vt-st-tit-21-sect-601/,Requires documented occupational exposure. Vaccine refusal eliminates presumption unless medically contraindicated. Covered in the same statutory section as lung disease.,NA,https://www.iaff.org/presumptive-health/vt/,2026-05-23
VT,Vermont,infectious,infectious disease caused by aerosolized airborne infectious agents or blood-borne pathogens,emt_paramedic,statute,TRUE,TRUE,NA,FALSE,120,NA,FALSE,Diagnosis must occur within 10 years of last active date of employment.,FALSE,21 V.S.A. § 601(11)(H),https://codes.findlaw.com/vt/title-21-labor/vt-st-tit-21-sect-601/,Statute covers 'rescue workers and ambulance squad members'; credential level not specified. Requires documented occupational exposure. Vaccine refusal eliminates presumption unless medically contraindicated.,NA,https://www.iaff.org/presumptive-health/vt/,2026-05-23
VT,Vermont,mental,post-traumatic stress disorder (PTSD),firefighter,statute,TRUE,TRUE,NA,FALSE,36,NA,FALSE,Diagnosis must occur within 3 years of last active date of employment.,FALSE,21 V.S.A. § 601(11)(I),https://codes.findlaw.com/vt/title-21-labor/vt-st-tit-21-sect-601/,Must be diagnosed by a psychiatrist or psychologist. Employer may rebut by preponderance of evidence that PTSD was caused by non-service-connected risk factors.,NA,https://www.iaff.org/presumptive-health/vt/,2026-05-23
VT,Vermont,mental,post-traumatic stress disorder (PTSD),emt_paramedic,statute,TRUE,TRUE,NA,FALSE,36,NA,FALSE,Diagnosis must occur within 3 years of last active date of employment.,FALSE,21 V.S.A. § 601(11)(I),https://codes.findlaw.com/vt/title-21-labor/vt-st-tit-21-sect-601/,Statute covers 'rescue workers and ambulance workers.' Must be diagnosed by a psychiatrist or psychologist. Employer may rebut by preponderance of evidence that PTSD was caused by non-service-connected risk factors.,NA,https://www.iaff.org/presumptive-health/vt/,2026-05-23
VT,Vermont,mental,post-traumatic stress disorder (PTSD),law_enforcement,statute,TRUE,TRUE,NA,FALSE,36,NA,FALSE,Diagnosis must occur within 3 years of last active date of employment.,FALSE,21 V.S.A. § 601(11)(I),https://codes.findlaw.com/vt/title-21-labor/vt-st-tit-21-sect-601/,Must be diagnosed by a psychiatrist or psychologist. Employer may rebut by preponderance of evidence that PTSD was caused by non-service-connected risk factors.,NA,https://www.iaff.org/presumptive-health/vt/,2026-05-23
WA,Washington,cancer,"prostate cancer (diagnosed before age 50), primary brain cancer, malignant melanoma, leukemia, non-Hodgkin's lymphoma, bladder cancer, ureter cancer, colorectal cancer, multiple myeloma, testicular cancer, kidney cancer, mesothelioma, stomach cancer, nonmelanoma skin cancer, breast cancer in women, cervical cancer",firefighter,statute,TRUE,TRUE,10,TRUE,60,"3 calendar months per year of service, max 60 months",FALSE,NA,TRUE,RCW 51.32.185(1)(a)(iii); (3),https://app.leg.wa.gov/rcw/default.aspx?cite=51.32.185,"Covers firefighters as defined in RCW 41.26.030(17)(a),(b),(c),(h); private-sector firefighters in departments of 50+; and fire investigators. Pre-employment exam must show no evidence of cancer, OR employer failed to provide exam. Prostate cancer age limit: diagnosed before age 50. Tobacco exclusion applies.",NA,https://www.iaff.org/presumptive-health/wa/,2026-05-23
WA,Washington,cardiovascular,heart problems/conditions,firefighter,statute,TRUE,TRUE,NA,FALSE,60,"3 calendar months per year of service, max 60 months",FALSE,NA,TRUE,RCW 51.32.185(1)(a)(ii),https://app.leg.wa.gov/rcw/default.aspx?cite=51.32.185,"Covers firefighters and fire investigators. Timeline trigger: onset within 72 hours of exposure to smoke/fumes/toxic substances, or within 24 hours of strenuous physical exertion. Tobacco exclusion: regular users excluded.",NA,https://www.iaff.org/presumptive-health/wa/,2026-05-23
WA,Washington,cardiovascular,heart conditions,law_enforcement,statute,TRUE,TRUE,NA,FALSE,60,"3 calendar months per year of service, max 60 months",FALSE,NA,TRUE,RCW 51.32.185(1)(c)(i),https://app.leg.wa.gov/rcw/default.aspx?cite=51.32.185,"Covers law enforcement officers as defined in RCW 41.26.030(19)(b),(c),(e). Same timeline trigger as firefighter heart condition. Tobacco exclusion applies.",NA,https://www.iaff.org/presumptive-health/wa/,2026-05-23
WA,Washington,respiratory,respiratory disease,firefighter,statute,TRUE,TRUE,NA,FALSE,60,"3 calendar months per year of service, max 60 months",FALSE,NA,TRUE,RCW 51.32.185(1)(a)(i),https://app.leg.wa.gov/rcw/default.aspx?cite=51.32.185,"Covers firefighters as defined in RCW 41.26.030(17)(a),(b),(c),(h); private-sector firefighters in departments of 50+; and fire investigators. Tobacco exclusion: does not apply to regular users of tobacco products.",NA,https://www.iaff.org/presumptive-health/wa/,2026-05-23
WA,Washington,infectious,"HIV/AIDS, all strains of hepatitis, meningococcal meningitis, mycobacterium tuberculosis",firefighter,statute,TRUE,TRUE,NA,FALSE,60,"3 calendar months per year of service, max 60 months",FALSE,NA,FALSE,RCW 51.32.185(1)(a)(iv); (4),https://app.leg.wa.gov/rcw/default.aspx?cite=51.32.185,Covers firefighters and fire investigators. No tobacco exclusion for this condition.,NA,https://www.iaff.org/presumptive-health/wa/,2026-05-23
WA,Washington,infectious,"HIV/AIDS, all strains of hepatitis, meningococcal meningitis, mycobacterium tuberculosis",law_enforcement,statute,TRUE,TRUE,NA,FALSE,60,"3 calendar months per year of service, max 60 months",FALSE,NA,FALSE,RCW 51.32.185(1)(c)(ii); (4),https://app.leg.wa.gov/rcw/default.aspx?cite=51.32.185,"Law enforcement officers as defined in RCW 41.26.030(19)(b),(c),(e). No tobacco exclusion.",NA,https://www.iaff.org/presumptive-health/wa/,2026-05-23
WA,Washington,mental,post-traumatic stress disorder (PTSD),firefighter,statute,TRUE,TRUE,10,TRUE,60,"3 calendar months per year of service, max 60 months",FALSE,NA,FALSE,RCW 51.08.142(2); RCW 51.32.185(1)(b); (5); (6),https://app.leg.wa.gov/rcw/default.aspx?cite=51.08.142,"Covers firefighters as defined in RCW 41.26.030(16)(a),(b),(c),(h), including private-sector firefighters in departments of 50 or more employees. A pre-employment psychological exam, administered by a psychiatrist or psychologist and ruling out PTSD from pre-employment exposures, is required for employees hired after the law's effective date. Excluded: PTSD directly attributed to disciplinary action, a work evaluation, job transfer, layoff, demotion, termination, or similar personnel action. Enacted 2018 (2018 c 264, SSB 6214), effective June 7, 2018. Note: public employee fire investigators, though added to the base disease-presumption group (respiratory, heart, cancer, and infectious disease) in 2019, are explicitly excluded from this PTSD presumption — a genuine coverage gap worth flagging.",NA,https://www.iaff.org/presumptive-health/wa/,2026-05-23
WA,Washington,mental,post-traumatic stress disorder (PTSD),law_enforcement,statute,TRUE,TRUE,10,TRUE,60,"3 calendar months per year of service, max 60 months",FALSE,NA,FALSE,RCW 51.08.142(2); RCW 51.32.185(1)(b); (5); (6),https://app.leg.wa.gov/rcw/default.aspx?cite=51.08.142,"Covers law enforcement officers as defined in RCW 41.26.030(18)(b),(c),(e). The same pre-employment psychological exam requirement and the same exclusion for personnel-action-related PTSD apply. Enacted 2018 (2018 c 264, SSB 6214), effective June 7, 2018. Note: public employee fire investigators, though added to the base disease-presumption group (respiratory, heart, cancer, and infectious disease) in 2019, are explicitly excluded from this PTSD presumption — a genuine coverage gap worth flagging.",NA,https://www.iaff.org/presumptive-health/wa/,2026-05-23
WI,Wisconsin,cancer,"cancers affecting the skin, breasts, central nervous system or lymphatic, digestive, hematological, urinary, skeletal, oral, or reproductive systems",firefighter,statute,TRUE,TRUE,10,TRUE,NA,NA,NA,NA,TRUE,Wis. Stat. § 891.455(2)-(4),https://docs.legis.wisconsin.gov/document/statutes/891.455.pdf,"Covers state, county, and municipal firefighters. Pre-employment exam must show no evidence of cancer. System-based cancer list (not specific cancer types): skin, breasts, CNS, lymphatic, digestive, hematological, urinary, skeletal, oral, reproductive systems. Tobacco exclusion: presumption for smoking/tobacco-caused cancers does not apply to any municipal fire fighter who smokes cigarettes or uses tobacco products after January 1, 2001. 'Municipal fire fighter' under this section includes persons under s. 61.66 whose duties as a firefighter during the 10-year qualifying period took up at least two-thirds of working hours.",NA,https://www.iaff.org/presumptive-health/wi/,2026-05-23
WI,Wisconsin,cardiovascular,heart impairment or disease,firefighter,statute,TRUE,TRUE,5,TRUE,NA,NA,NA,NA,NA,Wis. Stat. § 891.45(2),https://docs.legis.wisconsin.gov/document/statutes/891.45.pdf,"Covers state, county, and municipal firefighters. Pre-employment exam must show no evidence of heart or respiratory impairment or disease. Presumption applies in proceedings for disability or death benefits under s. 40.65(2) or applicable pension/retirement systems. 'Municipal fire fighter' includes persons under s. 61.66 where firefighting duties took up at least two-thirds of working hours during the 5-year qualifying period.",NA,https://www.iaff.org/presumptive-health/wi/,2026-05-23
WI,Wisconsin,respiratory,respiratory impairment or disease,firefighter,statute,TRUE,TRUE,5,TRUE,NA,NA,NA,NA,NA,Wis. Stat. § 891.45(2),https://docs.legis.wisconsin.gov/document/statutes/891.45.pdf,"Same statute and pre-employment exam requirement as cardiovascular row. Heart and respiratory impairment/disease are covered together under § 891.45(2). Covers state, county, and municipal firefighters.",NA,https://www.iaff.org/presumptive-health/wi/,2026-05-23
WI,Wisconsin,infectious,"HIV/AIDS, tuberculosis, hepatitis A, hepatitis B, hepatitis C, hepatitis D, diphtheria, meningococcal meningitis, methicillin-resistant Staphylococcus aureus (MRSA), severe acute respiratory syndrome (SARS)",firefighter,statute,TRUE,TRUE,NA,TRUE,NA,NA,NA,NA,NA,Wis. Stat. § 891.453(2)(b),https://docs.legis.wisconsin.gov/document/statutes/891.453.pdf,"Pre-employment exam must show no evidence of an infectious disease. 'Fire fighter' for this section means a state, county, or municipal firefighter covered under § 891.45 and persons under s. 61.66 whose duties as a firefighter took up at least two-thirds of working hours. Presumption applies in proceedings for disability or death benefits.",NA,https://www.iaff.org/presumptive-health/wi/,2026-05-23
WI,Wisconsin,infectious,"HIV/AIDS, tuberculosis, hepatitis A, hepatitis B, hepatitis C, hepatitis D, diphtheria, meningococcal meningitis, MRSA, SARS",emt_paramedic,statute,TRUE,TRUE,NA,TRUE,NA,NA,NA,NA,NA,Wis. Stat. § 891.453(2)(b),https://docs.legis.wisconsin.gov/document/statutes/891.453.pdf,'Emergency medical service provider' means a person employed by the state or by a county or municipality who is an emergency medical technician (§ 256.01(5)) or a first responder (§ 256.01(9)). Pre-employment exam must show no evidence of an infectious disease. Presumption applies in proceedings for disability or death benefits.,NA,https://www.iaff.org/presumptive-health/wi/,2026-05-23
WI,Wisconsin,infectious,"HIV/AIDS, tuberculosis, hepatitis A, hepatitis B, hepatitis C, hepatitis D, diphtheria, meningococcal meningitis, MRSA, SARS",law_enforcement,statute,TRUE,TRUE,NA,TRUE,NA,NA,NA,NA,NA,Wis. Stat. § 891.453(2)(b),https://docs.legis.wisconsin.gov/document/statutes/891.453.pdf,"Statute explicitly names 'law enforcement officer' as a covered class alongside correctional officers, EMS providers, and fire fighters. Pre-employment exam must show no evidence of infectious disease.",NA,https://www.iaff.org/presumptive-health/wi/,2026-05-23
WI,Wisconsin,infectious,"HIV/AIDS, tuberculosis, hepatitis A, hepatitis B, hepatitis C, hepatitis D, diphtheria, meningococcal meningitis, MRSA, SARS",corrections,statute,TRUE,TRUE,NA,TRUE,NA,NA,NA,NA,NA,Wis. Stat. § 891.453(2)(b),https://docs.legis.wisconsin.gov/document/statutes/891.453.pdf,Statute explicitly names 'correctional officer' as a covered class. Pre-employment exam must show no evidence of infectious disease. Presumption applies in proceedings for disability or death benefits under s. 40.65(2) or applicable pension/retirement systems.,NA,https://www.iaff.org/presumptive-health/wi/,2026-05-23
WI,Wisconsin,mental,Post-traumatic stress disorder (PTSD); workers' compensation presumption,firefighter,statute,TRUE,TRUE,NA,FALSE,NA,NA,FALSE,NA,NA,Wis. Stat. § 102.17(9),https://docs.legis.wisconsin.gov/document/statutes/102.17.pdf,"Wis. Stat. § 102.17(9). Enacted 2021 a. 29, effective April 29, 2021, for law enforcement officers and full-time firefighters. Expanded by 2025 a. 145, effective April 1, 2026, to include all firefighters regardless of full-time or volunteer status, as well as emergency medical responders (s. 256.01(4p)) and emergency medical services practitioners (s. 256.01(5)). The presumption is rebuttable by a preponderance of evidence. Benefits are capped at 32 calendar weeks per episode, with a lifetime cap of no more than 3 episodes per individual. Excluded causes: disciplinary actions, work evaluations, job transfers, layoffs, demotions, and terminations.",NA,https://www.iaff.org/presumptive-health/wi/,2026-06-04
WI,Wisconsin,mental,Post-traumatic stress disorder (PTSD); workers' compensation presumption,firefighter_volunteer,statute,TRUE,TRUE,NA,FALSE,NA,NA,FALSE,NA,NA,Wis. Stat. § 102.17(9),https://docs.legis.wisconsin.gov/document/statutes/102.17.pdf,"Wis. Stat. § 102.17(9). Enacted 2021 a. 29, effective April 29, 2021, for law enforcement officers and full-time firefighters. Expanded by 2025 a. 145, effective April 1, 2026, to include all firefighters regardless of full-time or volunteer status, as well as emergency medical responders (s. 256.01(4p)) and emergency medical services practitioners (s. 256.01(5)). The presumption is rebuttable by a preponderance of evidence. Benefits are capped at 32 calendar weeks per episode, with a lifetime cap of no more than 3 episodes per individual. Excluded causes: disciplinary actions, work evaluations, job transfers, layoffs, demotions, and terminations.",NA,https://www.iaff.org/presumptive-health/wi/,2026-06-04
WI,Wisconsin,mental,Post-traumatic stress disorder (PTSD); workers' compensation presumption,emt_paramedic,statute,TRUE,TRUE,NA,FALSE,NA,NA,FALSE,NA,NA,Wis. Stat. § 102.17(9),https://docs.legis.wisconsin.gov/document/statutes/102.17.pdf,"Wis. Stat. § 102.17(9). Enacted 2021 a. 29, effective April 29, 2021, for law enforcement officers and full-time firefighters. Expanded by 2025 a. 145, effective April 1, 2026, to include all firefighters regardless of full-time or volunteer status, as well as emergency medical responders (s. 256.01(4p)) and emergency medical services practitioners (s. 256.01(5)). The presumption is rebuttable by a preponderance of evidence. Benefits are capped at 32 calendar weeks per episode, with a lifetime cap of no more than 3 episodes per individual. Excluded causes: disciplinary actions, work evaluations, job transfers, layoffs, demotions, and terminations.",NA,https://www.iaff.org/presumptive-health/wi/,2026-06-04
WI,Wisconsin,mental,Post-traumatic stress disorder (PTSD); workers' compensation presumption,law_enforcement,statute,TRUE,TRUE,NA,FALSE,NA,NA,FALSE,NA,NA,Wis. Stat. § 102.17(9),https://docs.legis.wisconsin.gov/document/statutes/102.17.pdf,"Wis. Stat. § 102.17(9). Enacted 2021 a. 29, effective April 29, 2021, for law enforcement officers and full-time firefighters. Expanded by 2025 a. 145, effective April 1, 2026, to include all firefighters regardless of full-time or volunteer status, as well as emergency medical responders (s. 256.01(4p)) and emergency medical services practitioners (s. 256.01(5)). The presumption is rebuttable by a preponderance of evidence. Benefits are capped at 32 calendar weeks per episode, with a lifetime cap of no more than 3 episodes per individual. Excluded causes: disciplinary actions, work evaluations, job transfers, layoffs, demotions, and terminations.",NA,https://www.iaff.org/presumptive-health/wi/,2026-06-04
WV,West Virginia,cancer,"bladder cancer, mesothelioma, testicular cancer",firefighter,statute,TRUE,TRUE,5,NA,NA,NA,NA,NA,TRUE,W. Va. Code §23-4-1(h),https://code.wvlegislature.gov/23-4-1/,"SUNSET: Added by 2024 legislative session; expires July 1, 2027, unless extended by the Legislature. Covers professional firefighters only. Requires 5 years active employment in WV, age under 65, and no tobacco use more than 6 times per calendar year for at least 10 years. Rebuttable presumption.",NA,https://www.iaff.org/presumptive-health/wv/,2026-05-23
WV,West Virginia,cancer,"leukemia, lymphoma, multiple myeloma",firefighter,statute,TRUE,TRUE,5,NA,NA,NA,NA,NA,TRUE,W. Va. Code §23-4-1(h),https://code.wvlegislature.gov/23-4-1/,"Covers professional firefighters only. Requires 5 years active employment in WV, age under 65, and no tobacco use for at least 10 years. No sunset on these cancers. Rebuttable presumption.",NA,https://www.iaff.org/presumptive-health/wv/,2026-05-23
WV,West Virginia,cardiovascular,"cardiovascular disease, cardiovascular injury, pulmonary disease",firefighter,statute,TRUE,TRUE,2,NA,NA,NA,FALSE,Injury or onset of disease or death must occur within six months of having participated in firefighting or a training or drill exercise which actually involved firefighting,NA,W. Va. Code §23-4-1(h),https://code.wvlegislature.gov/23-4-1/,Covers professional firefighters only. Cardiovascular/pulmonary presumption applies if disease/injury onset occurred within 6 months of firefighting or training/drill exercise involving firefighting. Statute also notes notice is presumed sufficient when conditions are met.,NA,https://www.iaff.org/presumptive-health/wv/,2026-05-23
WV,West Virginia,respiratory,pulmonary disease,firefighter,statute,TRUE,TRUE,2,NA,NA,NA,FALSE,Injury or onset of disease or death must occur within six months of having participated in firefighting or a training or drill exercise which actually involved firefighting,NA,W. Va. Code §23-4-1(h),https://code.wvlegislature.gov/23-4-1/,Covers professional firefighters only. Pulmonary disease is enumerated alongside cardiovascular in §23-4-1(h) under the same 2-year service / 6-month firefighting-activity trigger.,NA,https://www.iaff.org/presumptive-health/wv/,2026-05-23
WV,West Virginia,mental,post-traumatic stress disorder (PTSD),firefighter,statute,TRUE,NA,NA,NA,NA,NA,NA,"Claim must be filed within three years from the date a licensed psychiatrist, certified mental health nurse practitioner, or certified psychiatric physician assistant made the claimant aware of a PTSD diagnosis",NA,W. Va. Code §23-4-1f,https://code.wvlegislature.gov/23-4-1f/,"Coverage is employer-elective: employer must purchase PTSD coverage from its WC carrier or self-insurance program. Diagnosis must be made by a licensed psychiatrist, certified mental health nurse practitioner, or certified psychiatric physician assistant. Applies only to diagnoses on or after July 1, 2021 (or start of next policy term for which coverage was purchased). Disciplinary actions and personnel decisions excluded. Volunteer firefighters included via definition of 'employer' covering paid or volunteer employment. Sunset clause removed by HB 2797 (Chapter 243, Acts 2025, effective July 11, 2025). Coverage is now permanent — no legislative renewal required.",NA,https://www.iaff.org/presumptive-health/wv/,2026-05-23
WV,West Virginia,mental,post-traumatic stress disorder (PTSD),emt_paramedic,statute,TRUE,NA,NA,NA,NA,NA,NA,"Claim must be filed within three years from the date a licensed psychiatrist, certified mental health nurse practitioner, or certified psychiatric physician assistant made the claimant aware of a PTSD diagnosis",NA,W. Va. Code §23-4-1f,https://code.wvlegislature.gov/23-4-1f/,"EMTs and paramedics are explicitly included in the definition of 'first responder' under §23-4-1f. Coverage is employer-elective. Same conditions as firefighter row: employer must purchase PTSD coverage, diagnosis by qualifying provider required, applies to diagnoses on or after July 1, 2021. Sunset clause removed by HB 2797 (Chapter 243, Acts 2025, effective July 11, 2025). Coverage is now permanent — no legislative renewal required.",NA,https://www.iaff.org/presumptive-health/wv/,2026-05-23
WV,West Virginia,mental,post-traumatic stress disorder (PTSD),law_enforcement,statute,TRUE,NA,NA,NA,NA,NA,NA,"Claim must be filed within three years from the date a licensed psychiatrist, certified mental health nurse practitioner, or certified psychiatric physician assistant made the claimant aware of a PTSD diagnosis",NA,W. Va. Code §23-4-1f,https://code.wvlegislature.gov/23-4-1f/,"Law enforcement officers are explicitly included in the definition of 'first responder' under §23-4-1f. Coverage is employer-elective. Same conditions as firefighter row: employer must purchase PTSD coverage, diagnosis by qualifying provider required, applies to diagnoses on or after July 1, 2021. Sunset clause removed by HB 2797 (Chapter 243, Acts 2025, effective July 11, 2025). Coverage is now permanent — no legislative renewal required.",NA,https://www.iaff.org/presumptive-health/wv/,2026-05-23
WV,West Virginia,mental,post-traumatic stress disorder (PTSD),corrections,statute,TRUE,NA,NA,NA,NA,NA,NA,"Claim must be filed within three years from the date a licensed psychiatrist, certified mental health nurse practitioner, or certified psychiatric physician assistant made the claimant aware of a PTSD diagnosis",NA,W. Va. Code §23-4-1f,https://code.wvlegislature.gov/23-4-1f/,"Emergency dispatchers are explicitly included in the definition of 'first responder' under §23-4-1f (mapped to corrections as closest category — dispatchers are not corrections officers but no better schema value exists). Coverage is employer-elective. Diagnosis by qualifying provider required, applies to diagnoses on or after July 1, 2021. Sunset clause removed by HB 2797 (Chapter 243, Acts 2025, effective July 11, 2025). Coverage is now permanent — no legislative renewal required.",NA,https://www.iaff.org/presumptive-health/wv/,2026-05-23
WY,Wyoming,cancer,"cancer, lymphoma, leukemia that may be caused by exposure to heat, smoke, radiation, or a known or suspected carcinogen (IARC-determined)",firefighter,statute,TRUE,TRUE,10,TRUE,120,NA,FALSE,Must seek the presumption within ten years after cessation of employment,TRUE,Wyo. Stat. §27-15-101 through §27-15-103,https://codes.findlaw.com/wy/title-27-labor-and-employment/wy-st-sect-27-15-101/,"Effective July 1, 2017. Rebuttable by clear and convincing evidence that a risk factor, accident, hazard, or other cause not associated with firefighter service was the dominant cause. Tobacco exclusion: presumption does not apply if listed disease is known to be caused by smoking and firefighter was a regular tobacco user for 10+ years, or was a regular user for 10+ years and has quit fewer than 10 years ago. Listed disease category also includes case-by-case demonstration before the Wyoming workers' compensation medical commission (§27-15-102(h)).",NA,https://www.iaff.org/presumptive-health/wy/,2026-05-23
WY,Wyoming,cancer,"cancer, lymphoma, leukemia that may be caused by exposure to heat, smoke, radiation, or a known or suspected carcinogen (IARC-determined)",firefighter_volunteer,statute,TRUE,TRUE,10,TRUE,120,NA,FALSE,Must seek the presumption within ten years after cessation of employment,TRUE,Wyo. Stat. §27-15-101 through §27-15-103,https://codes.findlaw.com/wy/title-27-labor-and-employment/wy-st-sect-27-15-101/,Volunteer firefighters are explicitly included in the statutory definition of 'firefighter' under §27-15-101(a)(i). Volunteers satisfy the 10-year minimum period if they participated in at least 40% of drills and 25% of emergency calls during their service. Volunteer departments must maintain individual participation records. Same rebuttable standard and tobacco exclusion as paid firefighters.,NA,https://www.iaff.org/presumptive-health/wy/,2026-05-23
WY,Wyoming,cardiovascular,"cardiovascular disease, acute myocardial infarction, stroke",firefighter,statute,TRUE,TRUE,10,TRUE,120,NA,FALSE,Must seek the presumption within ten years after cessation of employment,TRUE,Wyo. Stat. §27-15-101 through §27-15-103,https://codes.findlaw.com/wy/title-27-labor-and-employment/wy-st-sect-27-15-101/,"Cardiovascular disease, acute myocardial infarction, and stroke are all listed as enumerated 'listed diseases' under §27-15-101(a)(ii)(B) and (C). Same service, pre-employment exam, post-termination, and tobacco-exclusion conditions as cancer row. Tobacco exclusion applies only if the specific listed disease is known to be caused by smoking.",NA,https://www.iaff.org/presumptive-health/wy/,2026-05-23
WY,Wyoming,cardiovascular,"cardiovascular disease, acute myocardial infarction, stroke",firefighter_volunteer,statute,TRUE,TRUE,10,TRUE,120,NA,FALSE,Must seek the presumption within ten years after cessation of employment,TRUE,Wyo. Stat. §27-15-101 through §27-15-103,https://codes.findlaw.com/wy/title-27-labor-and-employment/wy-st-sect-27-15-101/,"Volunteer firefighters explicitly included in 'firefighter' definition under §27-15-101(a)(i). Volunteer minimum period: 40% of drills and 25% of emergency calls over 10 years. Cardiovascular disease, MI, and stroke are enumerated listed diseases. Same rebuttable standard and tobacco exclusion as paid firefighters.",NA,https://www.iaff.org/presumptive-health/wy/,2026-05-23
WY,Wyoming,mental,"mental injury (including PTSD) meeting DSM criteria, diagnosed by licensed psychiatrist, licensed clinical psychologist, or psychiatric mental health nurse practitioner",firefighter,statute,FALSE,NA,NA,NA,36,NA,NA,Disability benefits for mental injury may not extend more than 36 months beyond the diagnosis,NA,Wyo. Stat. §27-14-102(a)(xi)(J)(II),https://codes.findlaw.com/wy/title-27-labor-and-employment/wy-st-sect-27-14-102/,"Not a true presumption — this is a statutory exception to Wyoming's general exclusion of mental-mental claims. First responders (firefighters, peace officers, search and rescue, ambulance personnel) may have mental injuries recognized as compensable WC injuries if established by clear and convincing evidence with qualifying provider diagnosis. Disciplinary action, job transfers, layoffs, terminations, and similar personnel actions excluded. Benefits capped at 36 months post-diagnosis. 'First responder' defined at §27-14-102(a)(xxxi) to include firefighters (paid and volunteer).",NA,https://www.iaff.org/presumptive-health/wy/,2026-05-23
WY,Wyoming,mental,"mental injury (including PTSD) meeting DSM criteria, diagnosed by licensed psychiatrist, licensed clinical psychologist, or psychiatric mental health nurse practitioner",emt_paramedic,statute,FALSE,NA,NA,NA,36,NA,NA,Disability benefits for mental injury may not extend more than 36 months beyond the diagnosis,NA,Wyo. Stat. §27-14-102(a)(xi)(J)(II),https://codes.findlaw.com/wy/title-27-labor-and-employment/wy-st-sect-27-14-102/,"Ambulance personnel (EMTs/paramedics) and search and rescue personnel are explicitly included in the 'first responder' definition at §27-14-102(a)(xxxi). Same compensability standard as firefighter row — exception to mental-mental exclusion, not a presumption. Requires clear and convincing evidence and qualifying provider diagnosis. Personnel actions excluded.",NA,https://www.iaff.org/presumptive-health/wy/,2026-05-23
WY,Wyoming,mental,"mental injury (including PTSD) meeting DSM criteria, diagnosed by licensed psychiatrist, licensed clinical psychologist, or psychiatric mental health nurse practitioner",law_enforcement,statute,FALSE,NA,NA,NA,36,NA,NA,Disability benefits for mental injury may not extend more than 36 months beyond the diagnosis,NA,Wyo. Stat. §27-14-102(a)(xi)(J)(II),https://codes.findlaw.com/wy/title-27-labor-and-employment/wy-st-sect-27-14-102/,"Peace officers are explicitly included in the 'first responder' definition at §27-14-102(a)(xxxi). Same compensability standard as firefighter row — exception to mental-mental exclusion, not a presumption. Requires clear and convincing evidence and qualifying provider diagnosis. Personnel actions excluded.",NA,https://www.iaff.org/presumptive-health/wy/,2026-05-23
